id,question1,question2,is_duplicate,semantic_label,label_reason,source_dataset,split,annotation_status
aug-89539,What are some intense exercises that I can do to get a six pack?,What will be the exercises and time period to get six pack abs?,1,paraphrase,synthetic_simple_paraphrase,enriched_dataset_full.csv,train,pending
38292,Who is the most intelligent and wellrounded scientist ever?,Who is the most intelligent scientist ever?,0,related_but_not_duplicate,High lexical overlap (0.78) but not marked as duplicate.,ques_pairs.csv,train,pending
aug-152471,in what way can I use Omegle on my iPod Touch and in what way is it compared to using Passion.com?,How can I use Omegle on my iPod Touch and how is it compared to using Alt.com?,0,paraphrase,synthetic_simple_paraphrase,enriched_dataset_full.csv,train,pending
248406,"If you have two photons with equal wavelengths and one has a bigger amplitude, what would that mean, would the photon have more energy?",How can you change the energy of a photon?,0,unrelated,Low lexical overlap (0.19).,ques_pairs.csv,train,pending
214062,Does Hillary Clinton have plans to reduce the deficit?,What is Hillary Clinton going to do to cut our nation's deficit?,1,related_but_not_duplicate,Duplicate label but weak lexical overlap (0.24).,ques_pairs.csv,train,pending
108503,What are similarities and differences between the Ottoman Safavid and Mughal empires?,"You are one of the great powers and you have just won World War 1, how would you redistribute land of the Ottoman empire?",0,unrelated,Low lexical overlap (0.15).,ques_pairs.csv,train,pending
276449,How can I get work visa in Australia?,How do I get Germany work visa?,0,partial_overlap,Moderate lexical overlap (0.50).,ques_pairs.csv,train,pending
255990,I am using the HTC Desire 816 in dual SIM mode. I want a dual SIM custom ROM. I have searched and found single SIM ROM only. What's a link or a website to download it?,How do I download the Lollipop version for the HTC Desire 516 dual SIM?,0,partial_overlap,Moderate lexical overlap (0.20).,ques_pairs.csv,train,pending
aug-298210,What should I do if I am happy and satisfied with my life?,What should I do if I am not happy in my life?,0,paraphrase,synthetic_simple_paraphrase,enriched_dataset_full.csv,train,pending
aug-321171,Whether hsg treatment open fallopin block?,"In the modern world-system, what is the Lexus and what is the olive tree?",0,paraphrase,synthetic_simple_paraphrase,enriched_dataset_full.csv,train,pending
297047,How did mass media change American culture?,How has American culture changed since 1990s?,0,partial_overlap,Moderate lexical overlap (0.27).,ques_pairs.csv,train,pending
74034,How can I earn money to cover my tuition fees?,How can I earn money to cover my tution fees as an international student in NYC?,0,partial_overlap,Moderate lexical overlap (0.53).,ques_pairs.csv,train,pending
aug-11944,What should I ask as my first question on Quora?,What can be a fitting first question to ask in Quora?,1,paraphrase,synthetic_simple_paraphrase,enriched_dataset_full.csv,train,pending
aug-374776,"What processor would give a better performance, a 2.7 GHz Dual-Core i5 or 2.2 GHz Dual-Core i7?","Which is better, 6 cores @3.5 GHz or 12 cores @2.7 GHz?",0,paraphrase,synthetic_simple_paraphrase,enriched_dataset_full.csv,train,pending
195545,Why do all of the planets revolve around the sun in the same direction?,Why all the planets of this solar system are moving in the same direction around the sun?,1,related_but_not_duplicate,Duplicate label but weak lexical overlap (0.59).,ques_pairs.csv,train,pending
300301,What should you do if you don't love someone anymore but you are stuck with her and you cannot tell the truth to her?,So I just dumped my girlfriend of 8 months because I don't love her anymore. She still loves me. How can I help her to get over me?,0,unrelated,Low lexical overlap (0.15).,ques_pairs.csv,train,pending
aug-27102,What are similarities between anatomy and physiology?,How are anatomy and physiology related?,0,paraphrase,synthetic_simple_paraphrase,enriched_dataset_full.csv,train,pending
354446,Why do people say the accuser is the cheater?,How do I bust a cheater?,0,unrelated,Low lexical overlap (0.17).,ques_pairs.csv,train,pending
65910,How should I start the preparation of IAS exam from my graduation level?,"If I start preparing for IAS exam 2016 now, how can I achieve it?",1,related_but_not_duplicate,Duplicate label but weak lexical overlap (0.24).,ques_pairs.csv,train,pending
aug-50996,How can I get a free Clash of Clans account of Town hall 8 or above?,How can I find our town hall level in Clash of Clans?,0,paraphrase,synthetic_simple_paraphrase,enriched_dataset_full.csv,train,pending
301759,Which country do you think is better overall- UK or USA?,"Which country do you like the most, UK or USA? Why?",1,related_but_not_duplicate,Duplicate label but weak lexical overlap (0.47).,ques_pairs.csv,train,pending
aug-341986,Are there countries in which?,Why do friends feel they need me?,0,paraphrase,synthetic_simple_paraphrase,enriched_dataset_full.csv,train,pending
209970,Why do I hardly feel any emotions?,Why can't I feel any emotion?,1,related_but_not_duplicate,Duplicate label but weak lexical overlap (0.40).,ques_pairs.csv,train,pending
45230,Why do so may people ask questions on Quora that can easily be found by a simple Google searh?,Why do people ask Quora questions which can be answered easily by Google?,1,related_but_not_duplicate,Duplicate label but weak lexical overlap (0.52).,ques_pairs.csv,train,pending
328131,If I take .5 mg of Xanax how long will it take to get out of my system?,Can cats get fleas from dogs?,0,unrelated,Low lexical overlap (0.05).,ques_pairs.csv,train,pending
aug-254507,Exactly how much is C# slower than C++?,Is C++ slower than C?,0,paraphrase,synthetic_simple_paraphrase,enriched_dataset_full.csv,train,pending
247299,What are the different types of collision?,What the easy way to become a us citizen?,0,unrelated,Low lexical overlap (0.14).,ques_pairs.csv,train,pending
109143,What is the best guide to lose unwanted pounds?,What are the best was to lose weight?,1,related_but_not_duplicate,Duplicate label but weak lexical overlap (0.42).,ques_pairs.csv,train,pending
aug-16644,in what way do I stab someone if I don't want to kill them?,"If you did not want to kill someone, but just incapacitate them, where should you shoot them?",0,paraphrase,synthetic_simple_paraphrase,enriched_dataset_full.csv,train,pending
aug-46958,in what way do I get a job if I have a Microsoft certification?,How do Microsoft certifications like MCSE or MCS aid in getting a technical support job at Microsoft?,0,paraphrase,synthetic_simple_paraphrase,enriched_dataset_full.csv,train,pending
aug-269688,Do bank PO get posting in their own Regions?,After selected in bank po can I get the posting in my home town?,1,paraphrase,synthetic_simple_paraphrase,enriched_dataset_full.csv,train,pending
381961,What do hamsters like to eat besides vegetables and hamster food?,Can hamsters eat cheese?,1,related_but_not_duplicate,Duplicate label but weak lexical overlap (0.15).,ques_pairs.csv,train,pending
aug-110184,Why did we send troops to the middle east?,"Could anyone suggest me to Naming the new software company 1 Building, 7 Floors, 7 Meeting rooms. It should be related to Indian tradition or Tech?",0,paraphrase,synthetic_simple_paraphrase,enriched_dataset_full.csv,train,pending
aug-44803,What is the future of my relationship if we both love each other and want to marry but want to experience other persons first to have that assurance?,What's the future for my relationship if we both love each other and want to end up together but want to have experience with other people?,1,paraphrase,synthetic_simple_paraphrase,enriched_dataset_full.csv,train,pending
aug-131803,Can a physicist take a PhD in applied math?,Why do working class women have a top knot hair style?,0,paraphrase,synthetic_simple_paraphrase,enriched_dataset_full.csv,train,pending
191556,"After doing post graduation in medicine from india, what are the career prospects in australia?",What are the prospects for an Indian doctor to migrate to Australia after doing Super Speciality in India?,0,partial_overlap,Moderate lexical overlap (0.41).,ques_pairs.csv,train,pending
aug-21227,Is there any job openings in finance on part time basis?,What socioeconomic or philosophical themes appear in ASOIAF?,0,paraphrase,synthetic_simple_paraphrase,enriched_dataset_full.csv,train,pending
aug-297494,Should the Indian education system be revamped?,Should the education system be changed in India? If so why or why not?,1,paraphrase,synthetic_simple_paraphrase,enriched_dataset_full.csv,train,pending
aug-303056,Why is Spotify not available in India?,Daniel Ek: When will spotify be available in India?,1,paraphrase,synthetic_simple_paraphrase,enriched_dataset_full.csv,train,pending
aug-39451,What could be the best gift or surprise I could give my parents on their marriage anniversary?,What are some good gifts to give to your parents on their marriage anniversary?,1,paraphrase,synthetic_simple_paraphrase,enriched_dataset_full.csv,train,pending
97098,WhatsApp: How can I restore deleted messages from WhatsApp?,How can I restore the deleted messages from WhatsApp?,1,paraphrase,High lexical overlap (0.89) with duplicate label.,ques_pairs.csv,train,pending
aug-299612,"Why isn't Elal, Israel's airline, expanding and offering flights connecting in TLV, like turkish airlines for example?","My Southwest Airlines flight to Las Vegas was just oversold. They offered a fare refund, a ticket on a later flight, and $300. Why wouldn't they just bump the last person to check in to a later flight? How does overselling and paying someone benefit the airline?",0,paraphrase,synthetic_simple_paraphrase,enriched_dataset_full.csv,train,pending
318354,"What do branded polarized sunglasses like from Maui Jim, Oakley, Ray Ban, etc. provide that the Costco and Wal-Mart polarized sunglasses don't?",What are some sunglasses and cooler brands?,0,unrelated,Low lexical overlap (0.12).,ques_pairs.csv,train,pending
aug-169669,which are some mind blowing accessories that exist in 2016 that most people don't know about?,What are some mind blowing gadgets that exist in 2016 that most people don't know about?,1,paraphrase,synthetic_simple_paraphrase,enriched_dataset_full.csv,train,pending
18846,I am a 35-year-old and I am planning to improve my smile through orthodontic treatment. Is this a right age for this treatment? Will it be effective?,I am 25 years old and am planning to go for a PhD after completing a master's. What am I getting into?,0,partial_overlap,Moderate lexical overlap (0.23).,ques_pairs.csv,train,pending
aug-400547,which amount can we can survive on in Delhi?,What is the unilinear evolutionary theory?,0,paraphrase,synthetic_simple_paraphrase,enriched_dataset_full.csv,train,pending
aug-118804,How do you know if you have a close bond with someone?,How do I deal with someone close to me blocking me on WhatsApp and Facebook?,0,paraphrase,synthetic_simple_paraphrase,enriched_dataset_full.csv,train,pending
228174,Would you have sex during period?,Are sex during periods safe?,0,partial_overlap,Moderate lexical overlap (0.22).,ques_pairs.csv,train,pending
aug-374883,I am 23. And I don't have a basic degree. With an incomplete Diploma in computer science I feel lost. Please help. which should I do next to get an undergraduate degree? Which universities can I look up to?,"I am a web developer (self taught) am now stepping into Java, should I apply for a university computer science degree or should I study online?",0,paraphrase,synthetic_simple_paraphrase,enriched_dataset_full.csv,train,pending
aug-275587,Which are the best payroll services in India?,Which is the best helicopter service in India?,0,paraphrase,synthetic_simple_paraphrase,enriched_dataset_full.csv,train,pending
aug-3047,How did you realize you wanted to be an architect?,Who are the best architects in the world?,0,paraphrase,synthetic_simple_paraphrase,enriched_dataset_full.csv,train,pending
aug-273777,which is the meaning of bumbling amateur?,"What does ""hoodrat"" mean?",0,paraphrase,synthetic_simple_paraphrase,enriched_dataset_full.csv,train,pending
aug-315593,Can someone see that I have viewed their stories on Instagram after I temporarily disable my account?,Can someone see that I've viewed their Instagram story once I've disabled temporarily my account?,1,paraphrase,synthetic_simple_paraphrase,enriched_dataset_full.csv,train,pending
aug-214593,in what way is LinkedIn gaining access to my personal email?,How do sites like LinkedIn gain access to the contact lists or user's email addresses?,0,paraphrase,synthetic_simple_paraphrase,enriched_dataset_full.csv,train,pending
aug-189470,Is there a remote shutter release/Intervalometer that works with the USB port in the Nikon D3400?,"I would like to buy the Nikon D5500 as my first DSLR camera. Which lenses should I go with, 18-55 + 55-200 or 18-140mm?",0,paraphrase,synthetic_simple_paraphrase,enriched_dataset_full.csv,train,pending
aug-51617,How do I make a White Russian?,How can you make a White Russian with milk?,0,paraphrase,synthetic_simple_paraphrase,enriched_dataset_full.csv,train,pending
aug-42836,which are the qualities of psychopath and sociopath? How to tell their differences?,What's the difference between a psychopath and a sociopath?,1,paraphrase,synthetic_simple_paraphrase,enriched_dataset_full.csv,train,pending
178087,"Why is ""Call me Ishmael"" regarded as one of the best opening lines in literature?",Moby Dick Club: Why Ishmael?,0,unrelated,Low lexical overlap (0.11).,ques_pairs.csv,train,pending
19724,Do I really need to care about my privacy online?,Do I really need to care about my privacy online if I have nothing to hide?,1,paraphrase,High lexical overlap (0.71) with duplicate label.,ques_pairs.csv,train,pending
111912,Can I earn money online?,What is the easiest way to earn money from online?,1,related_but_not_duplicate,Duplicate label but weak lexical overlap (0.25).,ques_pairs.csv,train,pending
139279,How is it that we inhale oxygen and exhale carbon dioxide? Where does that carbon dioxide comes from?,How do I separate carbon dioxide from air?,0,partial_overlap,Moderate lexical overlap (0.21).,ques_pairs.csv,train,pending
162691,How can I get a job in Wipro off campus? It is my dream company.,Imaginary part of tan^-1 (5i/4)?,0,unrelated,Low lexical overlap (0.00).,ques_pairs.csv,train,pending
211510,What is the best the best site to get HD movies in dual audio format?,What is the best site to download HD movies?,0,partial_overlap,Moderate lexical overlap (0.57).,ques_pairs.csv,train,pending
308538,Has any astronaut ever had sex in space?,Have astronauts ever had sex in space?,1,related_but_not_duplicate,Duplicate label but weak lexical overlap (0.50).,ques_pairs.csv,train,pending
169022,How many people use Google Suggest?,How many people use Google?,0,related_but_not_duplicate,High lexical overlap (0.83) but not marked as duplicate.,ques_pairs.csv,train,pending
238291,Why can't you wear contact lenses in the shower?,Is wearing contact lenses comfortable?,0,unrelated,Low lexical overlap (0.15).,ques_pairs.csv,train,pending
aug-382817,in what way can I hack to get fast appnana points?,What is the point of Hacking?,0,paraphrase,synthetic_simple_paraphrase,enriched_dataset_full.csv,train,pending
aug-380673,Can I be a cricketer if I start playing at the age of 19?,Can I become a cricketer if I start at the age of 17?,0,paraphrase,synthetic_simple_paraphrase,enriched_dataset_full.csv,train,pending
aug-6176,Does an iPhone reset erase all content and settings?,Does erasing all content and settings get rid of my iPhone's line?,0,paraphrase,synthetic_simple_paraphrase,enriched_dataset_full.csv,train,pending
aug-390655,How can we empower other people?,How does one empower people?,1,paraphrase,synthetic_simple_paraphrase,enriched_dataset_full.csv,train,pending
aug-362114,which is the typical beginner's salary in Germany for a mechanical engineer (Master) from one of the TU-9?,What is the typical beginner's salary in Germany for an electrical engineer (Master) from one of the TU-9?,1,paraphrase,synthetic_simple_paraphrase,enriched_dataset_full.csv,train,pending
48869,I feel very good when I shop. Am I a shopaholic?,"When I'm dreaming, it feels very vivid but very unclear within a couple minutes of waking up. Why do I not remember nightmares clearly?",0,unrelated,Low lexical overlap (0.14).,ques_pairs.csv,train,pending
aug-358679,Is it okay to put oil on my hair after I straightened my hair?,How can I naturally straighten my hair?,0,paraphrase,synthetic_simple_paraphrase,enriched_dataset_full.csv,train,pending
79856,What is a parallel path in the armature winding of a DC machine? How do I calculate it?,"How is number of parallel paths of lap and wave winding found in a generator, motor?",0,partial_overlap,Moderate lexical overlap (0.28).,ques_pairs.csv,train,pending
aug-79701,How do you perform the center of gravity chair test?,Which chairs are tested for office use?,0,paraphrase,synthetic_simple_paraphrase,enriched_dataset_full.csv,train,pending
aug-357718,Where can I buy custom printed lanyards in Melbourne?,Where can I get most affordable printed lanyards in Melbourne?,1,paraphrase,synthetic_simple_paraphrase,enriched_dataset_full.csv,train,pending
aug-295031,Which are some books that changed your perspective on life completely?,What are some books that changed your perspective on life?,0,paraphrase,synthetic_simple_paraphrase,enriched_dataset_full.csv,train,pending
aug-302928,I love this boy really bad but im scared of telling him how I feel what do I do?,How do you tell a boy you like him?,0,paraphrase,synthetic_simple_paraphrase,enriched_dataset_full.csv,train,pending
aug-267491,which are some facts about the New World Order?,How long before the New World Order becomes a reality?,1,paraphrase,synthetic_simple_paraphrase,enriched_dataset_full.csv,train,pending
165634,How would you define a true friend?,What is a true friend for you?,1,related_but_not_duplicate,Duplicate label but weak lexical overlap (0.40).,ques_pairs.csv,train,pending
305133,"If the universe begin from a huge explosion (Big bang), then how the universe will end?",Does universe has a begining and an ending?,0,unrelated,Low lexical overlap (0.10).,ques_pairs.csv,train,pending
aug-145372,What are the chances of an Electoral College coup in 2016?,Is it more costly to transport oil from gwadar port to China than through malacca strait?,0,paraphrase,synthetic_simple_paraphrase,enriched_dataset_full.csv,train,pending
157648,What is the expected cutoff for KVPY SA 2016 -17?,What do you think the cutoff of KVPY 2016 SA would be?,1,related_but_not_duplicate,Duplicate label but weak lexical overlap (0.38).,ques_pairs.csv,train,pending
150139,How do I study civil engineering?,How do I study effectively in engineering?,0,related_but_not_duplicate,High lexical overlap (0.62) but not marked as duplicate.,ques_pairs.csv,train,pending
97304,What is SIP (Systematic Investment Plan)?,What is SIP or systematic investment plan?,1,paraphrase,High lexical overlap (0.86) with duplicate label.,ques_pairs.csv,train,pending
aug-385812,What are some unexpected things first-time visitors to São Tomé and Príncipe notice?,What are some unexpected things first-time visitors to Belgium notice?,0,paraphrase,synthetic_simple_paraphrase,enriched_dataset_full.csv,train,pending
aug-22897,"Which is correct ""lying down"" or ""laying down"", for someone who is on the bed?",What is a synonym for saying someone is down to earth?,0,paraphrase,synthetic_simple_paraphrase,enriched_dataset_full.csv,train,pending
aug-87936,Why do people support Hillary Clinton when she is a known criminal?,Why will people vote for Hillary Clinton when Republicans allege that she is not truthful?,0,paraphrase,synthetic_simple_paraphrase,enriched_dataset_full.csv,train,pending
102835,What is the population of the USA?,What's the population of the usa?,1,paraphrase,High lexical overlap (0.71) with duplicate label.,ques_pairs.csv,train,pending
30384,Daniel Ek: When will you launch Spotify in India?,Daniel Ek: What are the hardships for Spotify to be launched in India?,1,related_but_not_duplicate,Duplicate label but weak lexical overlap (0.29).,ques_pairs.csv,train,pending
aug-345178,My US B1/B2 visa application has been refused continuously two times ? what are chances to get approved next time?,I have two young female guinea pigs and they don't eat vegetables. Other than corn on the cob and carrots they shun all other veggies. Any ideas?,0,paraphrase,synthetic_simple_paraphrase,enriched_dataset_full.csv,train,pending
22004,"What does a ""relevant party"" mean?",What does relevant mean?,0,related_but_not_duplicate,High lexical overlap (0.67) but not marked as duplicate.,ques_pairs.csv,train,pending
298342,How long does meth stay in your system if you snorted 3 little lines?,"How long does meth stay in your system? If last use was Friday, would it be out by Monday?",1,related_but_not_duplicate,Duplicate label but weak lexical overlap (0.38).,ques_pairs.csv,train,pending
aug-389011,What does it mean when a cat touches noses with you?,Why does my cat's nose run when she purrs?,0,paraphrase,synthetic_simple_paraphrase,enriched_dataset_full.csv,train,pending
242974,What are the most scary horror stories?,What is your most frightening horror story?,0,partial_overlap,Moderate lexical overlap (0.27).,ques_pairs.csv,train,pending
205850,How would I start a drone business?,How would you start a drone business?,1,paraphrase,High lexical overlap (0.75) with duplicate label.,ques_pairs.csv,train,pending
aug-337057,in what way do space ships reduce the amount of cO2 by creating oxygen?,Which is the best month for job opportunity in US for MBA students?,0,paraphrase,synthetic_simple_paraphrase,enriched_dataset_full.csv,train,pending
aug-30534,Why doesn't any other villain kill The Joker?,"Who would win in a fight: Deadpool or Batman, and why?",0,paraphrase,synthetic_simple_paraphrase,enriched_dataset_full.csv,train,pending
359815,Is it possible to lose 20 pounds in a month?,Is it possible to lose 25 pounds in a week?,0,related_but_not_duplicate,High lexical overlap (0.67) but not marked as duplicate.,ques_pairs.csv,train,pending
aug-369067,Is it possible to get into S.M. Entertainment for doing general stuff like being the managers or carrying bags for them?,What is the history of S.M. Entertainment?,0,paraphrase,synthetic_simple_paraphrase,enriched_dataset_full.csv,train,pending
aug-387145,which are the most effective ways to combat elite troops such as Navy SEAL or SAS units?,Who are the most famous African-American navy seals?,0,paraphrase,synthetic_simple_paraphrase,enriched_dataset_full.csv,train,pending
301187,What is that one thing you don't regret in your life?,What are the things you should never regret in life?,1,related_but_not_duplicate,Duplicate label but weak lexical overlap (0.29).,ques_pairs.csv,train,pending
375545,Would you rather vote for Donald Trump or Hillary Clinton? Why?,Who would you vote for this coming election: Donald Trump or Hillary Clinton?,1,paraphrase,High lexical overlap (0.60) with duplicate label.,ques_pairs.csv,train,pending
aug-62477,How can CSR help in achieving sustainable development goals 2030?,Do Jewish people have pizzas with both cheese and meat on it?,0,paraphrase,synthetic_simple_paraphrase,enriched_dataset_full.csv,train,pending
135467,What are some mind-blowing facts about ISRO or NASA?,What are some of the mind blowing facts about NASA?,0,related_but_not_duplicate,High lexical overlap (0.67) but not marked as duplicate.,ques_pairs.csv,train,pending
230634,How do I become a penetration tester?,"Is there a way to ""safely"" and legally ""train"" into becoming a penetration tester?",1,related_but_not_duplicate,Duplicate label but weak lexical overlap (0.18).,ques_pairs.csv,train,pending
298069,Why don't conservatives remember that the founding fathers were called terrorists by the British?,Why don't conservatives outside the US fight for looser gun laws?,0,partial_overlap,Moderate lexical overlap (0.24).,ques_pairs.csv,train,pending
aug-62257,"Which is your favourite Pub in the Peak District National Park, UK?",What is a pop up pub?,0,paraphrase,synthetic_simple_paraphrase,enriched_dataset_full.csv,train,pending
aug-112902,in what way many of you want to be a psycho killer. Why?,What is it like to be with a psycho friend?,0,paraphrase,synthetic_simple_paraphrase,enriched_dataset_full.csv,train,pending
aug-262765,which do the girls think if a boy doesn't talk to any girl in his college during his college life?,What's the reason behind girls getting hotter during the 4 years of college?,0,paraphrase,synthetic_simple_paraphrase,enriched_dataset_full.csv,train,pending
251710,How does negative bidding work?,What are the benefits of bidding?,0,unrelated,Low lexical overlap (0.10).,ques_pairs.csv,train,pending
105072,The differences between adverbs and adjectives.?,Why is homosexuality rejected by Indians?,0,unrelated,Low lexical overlap (0.00).,ques_pairs.csv,train,pending
aug-76370,Is life really what you make it?,Life is what you make it?,1,paraphrase,synthetic_simple_paraphrase,enriched_dataset_full.csv,train,pending
76689,What is the average lifetime of a 415V/230V distribution transformer?,What wattage step up transformer do I need to use my 900w 220-230v router in the US?,0,unrelated,Low lexical overlap (0.16).,ques_pairs.csv,train,pending
aug-402926,Which are the top websites that people use to check the price of bitcoin on the different bitcoin exchanges?,How do I became marrige?,0,paraphrase,synthetic_simple_paraphrase,enriched_dataset_full.csv,train,pending
89546,Which Indian companies have the best workplaces?,Why do Indian IT companies not go for hiring the best Indian engineers?,0,partial_overlap,Moderate lexical overlap (0.27).,ques_pairs.csv,train,pending
aug-126584,"Do hemorrhoids pop? If so, what action is recommended in the case of a popped hemorrhoid?",How can hemorrhoids be treated?,0,paraphrase,synthetic_simple_paraphrase,enriched_dataset_full.csv,train,pending
aug-213226,in what way do I become commercial pilot in India?,How do I become a pilot in India?,0,paraphrase,synthetic_simple_paraphrase,enriched_dataset_full.csv,train,pending
aug-341610,What are the best restaurants in SoMa in San Francisco?,Where are the best places to eat in San Francisco?,0,paraphrase,synthetic_simple_paraphrase,enriched_dataset_full.csv,train,pending
37805,Why do some crappy and stupid answers on Quora have so many upvotes?,Why do some people care less about the truth and care more about saying something?,0,unrelated,Low lexical overlap (0.18).,ques_pairs.csv,train,pending
319119,Can Xbox one play pirated games?,What makes Xbox one and PS4 hard to crack for pirates?,0,unrelated,Low lexical overlap (0.13).,ques_pairs.csv,train,pending
aug-47942,Can a cat mate with a dog?,Can a dog mate with a cat?,1,paraphrase,synthetic_simple_paraphrase,enriched_dataset_full.csv,train,pending
265687,How can a US state sign a trade agreement with a foreign country?,Can a US State make Trade Deals with foreign powers?,1,related_but_not_duplicate,Duplicate label but weak lexical overlap (0.50).,ques_pairs.csv,train,pending
40262,What was it like to travel on board a Concorde?,What was it like to fly on the Concorde?,1,related_but_not_duplicate,Duplicate label but weak lexical overlap (0.58).,ques_pairs.csv,train,pending
aug-119737,Which are upcoming Bollywood movies?,What are the upcoming Bollywood movies in 2016?,0,paraphrase,synthetic_simple_paraphrase,enriched_dataset_full.csv,train,pending
aug-304673,What went wrong with Cyrus Mistry as Tata Group chairman and why was he ousted?,Why was cyrus mistry sacked?,1,paraphrase,synthetic_simple_paraphrase,enriched_dataset_full.csv,train,pending
aug-161079,Do you wear baggy clothes to make yourself look less fat?,Why do people in hip-hop wear baggy clothes?,0,paraphrase,synthetic_simple_paraphrase,enriched_dataset_full.csv,train,pending
aug-117801,in what way can you be 1000% sure of real celebrities replying to you on Facebook?,How do celebrities find out the real identities of people who create fake Facebook accounts impersonating them?,0,paraphrase,synthetic_simple_paraphrase,enriched_dataset_full.csv,train,pending
aug-322546,Why can't I like comments on Instagram?,Is it bad that my boyfriend doesn't like or comment on any of my Instagram pictures?,0,paraphrase,synthetic_simple_paraphrase,enriched_dataset_full.csv,train,pending
aug-236878,"What's the best programmable, dimmable smart bulb platform with solid software for iOS?",I failed my A levels but want to be a pilot - what should I do now?,0,paraphrase,synthetic_simple_paraphrase,enriched_dataset_full.csv,train,pending
aug-180002,Why have Arthur memes been so popular recently?,Can we give neet coaching in class 11?,0,paraphrase,synthetic_simple_paraphrase,enriched_dataset_full.csv,train,pending
aug-173873,I got 595/831 marks in fiitjee big bang test and I am a fiitjee student. So how much scholarship will I get?,How can I prepare myself for FTRE (FiitJEE Talent Reward Exam) and ResoStart so as to get 100% scholarship?,0,paraphrase,synthetic_simple_paraphrase,enriched_dataset_full.csv,train,pending
317261,How do I open miscellaneous files in android?,What are miscellaneous files on a Note 4?,0,unrelated,Low lexical overlap (0.14).,ques_pairs.csv,train,pending
379883,Is it thanks to everyone or everybody?,Which verb is to be used with 'everyone'?,0,partial_overlap,Moderate lexical overlap (0.25).,ques_pairs.csv,train,pending
aug-91050,Why do people talk about useless garbage or small talk?,Why do people make small talk?,1,paraphrase,synthetic_simple_paraphrase,enriched_dataset_full.csv,train,pending
364449,What legal obligations does Apple have?,What does legal obligation mean?,0,partial_overlap,Moderate lexical overlap (0.38).,ques_pairs.csv,train,pending
251135,"Who came first, egg or the hen?","What should be the ideal answer if someone asks what came first, egg or hen?",1,related_but_not_duplicate,Duplicate label but weak lexical overlap (0.40).,ques_pairs.csv,train,pending
310437,Why did India opt for Rafale aircrafts over other fighter jets?,Why did India choose to buy only rafale fighter plane?,1,related_but_not_duplicate,Duplicate label but weak lexical overlap (0.31).,ques_pairs.csv,train,pending
397386,What is the most outrageous way someone got rich?,Who's sparky 18888 and how did he got so rich?,0,unrelated,Low lexical overlap (0.11).,ques_pairs.csv,train,pending
aug-11696,which distance did Chris Kyle make the shot from when he killed that enemy sniper and how difficult was it to most sharp shooters?,What is the name of the rifle used by Chris Kyle in American Sniper?,0,paraphrase,synthetic_simple_paraphrase,enriched_dataset_full.csv,train,pending
aug-178585,Which is the best laptop to buy for rs. 60000?,Which is the best laptop to purchase under INR 60K?,1,paraphrase,synthetic_simple_paraphrase,enriched_dataset_full.csv,train,pending
294715,What is the best way of teaching?,How can you learn teaching?,0,unrelated,Low lexical overlap (0.09).,ques_pairs.csv,train,pending
78666,What are your favorite books of all time? And why?,'In Cold Blood' by Truman Capote is one of my all time favorite books. What other books might I enjoy?,0,partial_overlap,Moderate lexical overlap (0.26).,ques_pairs.csv,train,pending
aug-318906,What are the best techniques to trigger one's own divergent thinking?,How can you practice your divergent thinking?,1,paraphrase,synthetic_simple_paraphrase,enriched_dataset_full.csv,train,pending
aug-142389,in what way powerful a laser would you need in order to kill an insect?,How can the power of a laser pointer be measured?,0,paraphrase,synthetic_simple_paraphrase,enriched_dataset_full.csv,train,pending
aug-223084,I forgot my Facebook password and email password. in what way can I log into Facebook?,How can I retrieve my Facebook password?,0,paraphrase,synthetic_simple_paraphrase,enriched_dataset_full.csv,train,pending
19396,Can a cheque in £ being paid into an account in $?,What are my chances to get into an economics PhD program?,0,unrelated,Low lexical overlap (0.11).,ques_pairs.csv,train,pending
aug-286133,Do women secretly lust for violent men?,How would the world be like if there were no violence?,0,paraphrase,synthetic_simple_paraphrase,enriched_dataset_full.csv,train,pending
aug-286359,Why do you love to write software?,Why do you love software engineering?,1,paraphrase,synthetic_simple_paraphrase,enriched_dataset_full.csv,train,pending
aug-122716,What job should I have?,Which job is better bank job or it job?,0,paraphrase,synthetic_simple_paraphrase,enriched_dataset_full.csv,train,pending
aug-42355,"Watching show called ""60 Days In"" about being in jail, and I'm wondering how my brother does his job as a jailer?","If I use alternate locality name in Passport renewal, will it be considered as ‘change of address'?",0,paraphrase,synthetic_simple_paraphrase,enriched_dataset_full.csv,train,pending
aug-262555,Is November blackout fake?,Will the November Black Out really cause darkness even during the day?,0,paraphrase,synthetic_simple_paraphrase,enriched_dataset_full.csv,train,pending
aug-203947,Why did they make the Star Wars movies out of order?,Why was Star Wars released in such a strange order?,1,paraphrase,synthetic_simple_paraphrase,enriched_dataset_full.csv,train,pending
aug-49269,I own a domain name on Bluehost but I've not paid for hosting. How do I host this domain on a free host services like Freehosting.com?,I own a domain name on Bluehost but I've not paid for hosting. How do I host this domain on a free host services like 000webhost.com?,0,paraphrase,synthetic_simple_paraphrase,enriched_dataset_full.csv,train,pending
aug-235297,What is onshore & offshore pipeline?,What is offshoring?,0,paraphrase,synthetic_simple_paraphrase,enriched_dataset_full.csv,train,pending
272911,When will Redmi 4 Prime be released in India? It was launched yesterday in China.,When will Redmi 4a will launch in India and what was its expected price in India?,0,partial_overlap,Moderate lexical overlap (0.29).,ques_pairs.csv,train,pending
aug-40883,Is a third world war coming?,Are we near World War 3?,1,paraphrase,synthetic_simple_paraphrase,enriched_dataset_full.csv,train,pending
269779,Best schools for class 11 in india?,What are the best schools in India for class 11?,1,paraphrase,High lexical overlap (0.70) with duplicate label.,ques_pairs.csv,train,pending
268477,What are the issues of implementing Electronic Health Record in Vietnam?,What are the pros and cons of personal health records?,0,partial_overlap,Moderate lexical overlap (0.31).,ques_pairs.csv,train,pending
aug-386356,which are the best Cards Against Humanity expansion packs?,"What are some of the most inappropriate ""Cards Against Humanity"" questions?",0,paraphrase,synthetic_simple_paraphrase,enriched_dataset_full.csv,train,pending
aug-64037,What the $%$! #$ is a dirty beer?,"I had a computer mouse that was used in school, but one day when I went to PE some one took it what should I do?",0,paraphrase,synthetic_simple_paraphrase,enriched_dataset_full.csv,train,pending
121968,What are the differences between being nervous and being anxious?,What is the difference between nervous and anxious?,1,related_but_not_duplicate,Duplicate label but weak lexical overlap (0.55).,ques_pairs.csv,train,pending
298869,From where can I get uppcl office assistant priviousyrs papers?,What are the risks (and/or benefits!) of sliding a finger up one's nostril?,0,unrelated,Low lexical overlap (0.00).,ques_pairs.csv,train,pending
aug-358509,"Maharashtra, India: which are some of the interesting ways to annoy Punekars?",How to be respectful towards Indian culture and not to offend anyone?,0,paraphrase,synthetic_simple_paraphrase,enriched_dataset_full.csv,train,pending
aug-244274,in what way do you treat cavities on the side of your tooth?,What causes a cavity on the side of a tooth?,0,paraphrase,synthetic_simple_paraphrase,enriched_dataset_full.csv,train,pending
302779,Where can I get best qualities outdoor tiles in Sydney?,Where can I get huge selection of floor tiles in Sydney?,1,related_but_not_duplicate,Duplicate label but weak lexical overlap (0.50).,ques_pairs.csv,train,pending
aug-180138,Why do I randomly get up and walk around?,Why does my dog sometimes randomly picks an object and start growling when I walk near by?,0,paraphrase,synthetic_simple_paraphrase,enriched_dataset_full.csv,train,pending
399343,Daniel Ek: Why hasn't Spotify come to India yet? When is it launching in India?,Daniel Ek: When is Spotify coming to India?,1,related_but_not_duplicate,Duplicate label but weak lexical overlap (0.44).,ques_pairs.csv,train,pending
aug-314989,How can I get rid of pimples all over my face?,What should I do to remove pimples from face?,1,paraphrase,synthetic_simple_paraphrase,enriched_dataset_full.csv,train,pending
aug-192222,in what way do I verify my information on instagram?,Instagram (product): How can I get a verified account on Instagram?,0,paraphrase,synthetic_simple_paraphrase,enriched_dataset_full.csv,train,pending
aug-99228,Is it safe to browse the dark web?,Is the dark web safe to browse?,1,paraphrase,synthetic_simple_paraphrase,enriched_dataset_full.csv,train,pending
aug-316742,"Is Rolex a non-profit company? And if so, why?",Are the Olympics a non-profit?,0,paraphrase,synthetic_simple_paraphrase,enriched_dataset_full.csv,train,pending
400156,What do you mean by TOGAF stakeholder?,Has there been any new version of TOGAF after 9.1?,0,unrelated,Low lexical overlap (0.06).,ques_pairs.csv,train,pending
aug-66992,which is the name of the song in the Nokia Lumia 640 XL advertisement being played on Indian television?,"Which phone is better, a Samsung J7 or a Lumia 640 XL Dual LTE?",0,paraphrase,synthetic_simple_paraphrase,enriched_dataset_full.csv,train,pending
101781,Why did the USAAC pilots wear their hats like this?,As a computer sciene student how should I contribute to digital india?,0,unrelated,Low lexical overlap (0.00).,ques_pairs.csv,train,pending
8775,How much did the old Candid Camera show pay people who were on the show?,Why do people like Breaking Bad so much? Why watch such a depressing and violent show?,0,unrelated,Low lexical overlap (0.12).,ques_pairs.csv,train,pending
aug-110518,How do I start gymnastics?,How do you get started in gymnastics?,1,paraphrase,synthetic_simple_paraphrase,enriched_dataset_full.csv,train,pending
aug-310777,"which is the deepest lake in Europe, and how does this lake's flora and fauna compare to that of Lake Superior?","What is the deepest lake in Europe, and how does this lake's flora and fauna compare to that of Lake Geneva?",0,paraphrase,synthetic_simple_paraphrase,enriched_dataset_full.csv,train,pending
aug-106688,"I know I exist, in what way would I know that you exist?",How do we know that e exists?,0,paraphrase,synthetic_simple_paraphrase,enriched_dataset_full.csv,train,pending
226272,What are some ways to get a girlfriend?,How can one not get a girlfriend?,0,partial_overlap,Moderate lexical overlap (0.25).,ques_pairs.csv,train,pending
aug-125512,"I have a website built in China, and the server is in Hong Kong. Which copyright law should I put on my website?",I need to make an Android app that connects to a website which is put by me in the server. Why should I not use Socket to connect to it rather than http? And how can I get the data from that website every 5 minutes? How do I use XML parsing?,0,paraphrase,synthetic_simple_paraphrase,enriched_dataset_full.csv,train,pending
295492,What is beyond the Milky Way?,What is the Milky Way?,0,related_but_not_duplicate,High lexical overlap (0.83) but not marked as duplicate.,ques_pairs.csv,train,pending
aug-161868,which are some good colleges in India that I can still apply to their MBA program for this year’s session?,Which colleges offer one year MBA degrees (not PGP) in India?,0,paraphrase,synthetic_simple_paraphrase,enriched_dataset_full.csv,train,pending
176933,"What happens when a mother is Rh+ and a fetus is Rh-, opposite to that in case of erytroblastosis foetalis?",Why does RH low is negative?,0,unrelated,Low lexical overlap (0.10).,ques_pairs.csv,train,pending
44955,What important events happened in 2008?,What important things happened in 1998?,0,partial_overlap,Moderate lexical overlap (0.50).,ques_pairs.csv,train,pending
243869,Will India and Pakistan war happen in the future?,Will Pakistan defeat India in the future?,0,related_but_not_duplicate,High lexical overlap (0.60) but not marked as duplicate.,ques_pairs.csv,train,pending
aug-211722,I make $800 a week. How much will that be after taxes?,"How much money do YouTubers make with 1 million views and above 10,000 subscribers? How much tax do they have to pay?",0,paraphrase,synthetic_simple_paraphrase,enriched_dataset_full.csv,train,pending
aug-161947,How do you insert the arrow symbol in Microsoft Word?,Why is the arrow an important Apache tribe symbol? What does it mean?,0,paraphrase,synthetic_simple_paraphrase,enriched_dataset_full.csv,train,pending
aug-372469,which is a garbage collector?,Why doesn't C have a garbage collector?,0,paraphrase,synthetic_simple_paraphrase,enriched_dataset_full.csv,train,pending
61395,Should power bank be charged full night for the first time?,How long to charge power bank first time?,0,partial_overlap,Moderate lexical overlap (0.27).,ques_pairs.csv,train,pending
336929,How do I increase will power?,What is the most effective way to increase one's will power?,1,related_but_not_duplicate,Duplicate label but weak lexical overlap (0.20).,ques_pairs.csv,train,pending
aug-394477,Was the Wehrmacht just as responsible for the war crimes and atrocities that the Nazis committed?,Is it bad to be a fan of Nazi Germany just for their technological advancement in World War 2?,0,paraphrase,synthetic_simple_paraphrase,enriched_dataset_full.csv,train,pending
41125,"Have any bands covered ""Do the Locomotion"" If so, which ones?","I'm starting a band, and we don't have a bassist. Do we need one?",0,unrelated,Low lexical overlap (0.09).,ques_pairs.csv,train,pending
94318,Where can I get a legit hacker?,Where can I find/employ a real hacker?,1,related_but_not_duplicate,Duplicate label but weak lexical overlap (0.50).,ques_pairs.csv,train,pending
aug-296467,which would be the next step up from quantum computers?,What is the next step after quantum computing?,0,paraphrase,synthetic_simple_paraphrase,enriched_dataset_full.csv,train,pending
171580,What is the remainder when 7^36 divided by 5?,What is the remainder when 32^33^34 is divided by 7?,0,related_but_not_duplicate,High lexical overlap (0.62) but not marked as duplicate.,ques_pairs.csv,train,pending
286734,Where can I get very professional painting service in North Sydney?,Where can I get specialist services in interior and exterior painting in North Sydney?,0,partial_overlap,Moderate lexical overlap (0.50).,ques_pairs.csv,train,pending
aug-237313,which will Hillary Clinton's India policy be if she becomes President?,What will be Hillary Clinton's policy for INDIA if she becomes the president?,1,paraphrase,synthetic_simple_paraphrase,enriched_dataset_full.csv,train,pending
aug-363554,"Int I=0;printf (""%d %d"", I,i++)? What is output of this statement?","int i=0;printf (""%d %d"", i,i++) what is the output of this statement?",1,paraphrase,synthetic_simple_paraphrase,enriched_dataset_full.csv,train,pending
115869,How can bees be protected as endangered species?,How are endangered species protected?,0,partial_overlap,Moderate lexical overlap (0.44).,ques_pairs.csv,train,pending
58714,Can I merge the permissions for two Facebook accounts into one?,Can two Facebook accounts be merged?,0,partial_overlap,Moderate lexical overlap (0.31).,ques_pairs.csv,train,pending
138807,How is life in TCS in India?,How is life in TCS?,0,related_but_not_duplicate,High lexical overlap (0.83) but not marked as duplicate.,ques_pairs.csv,train,pending
371362,Do you ever feel like quitting your life?,Do you ever feel like quitting life?,1,paraphrase,High lexical overlap (0.88) with duplicate label.,ques_pairs.csv,train,pending
aug-157266,Bang? Big the before existed which,What happened before the Big Bang happened?,1,paraphrase,synthetic_simple_paraphrase,enriched_dataset_full.csv,train,pending
269823,Why do most people I know prefer a BMW so much to a Mercedes Benz or Audi?,"Why do German-made cars like Mercedes-Benz, BMW feel very solid when driven compared to most other makers?",0,partial_overlap,Moderate lexical overlap (0.25).,ques_pairs.csv,train,pending
179250,"What happened to the movie, The Prototype?",What happens at the end of Birdman?,0,unrelated,Low lexical overlap (0.18).,ques_pairs.csv,train,pending
aug-258903,What are some suggestions for stress relief?,Which are the best possible methods of stress relief?,1,paraphrase,synthetic_simple_paraphrase,enriched_dataset_full.csv,train,pending
aug-345730,"How do I recover a Gmail account when I have the username and password, but don't have the recovery phone number or email or any other information?",How do I recover my Gmail password when I don't remember my recovery mail ID?,1,paraphrase,synthetic_simple_paraphrase,enriched_dataset_full.csv,train,pending
aug-241334,How can I look up an old Gmail account?,What is my old Gmail account?,1,paraphrase,synthetic_simple_paraphrase,enriched_dataset_full.csv,train,pending
344119,How is the word 'scuttle' used in a sentence?,"How can the word ""reputation"" be used in a sentence?",0,partial_overlap,Moderate lexical overlap (0.58).,ques_pairs.csv,train,pending
aug-31823,How much control can one have over one's emotions?,How one can control impulsive emotions?,1,paraphrase,synthetic_simple_paraphrase,enriched_dataset_full.csv,train,pending
aug-199999,What is your review of Love (2011 movie)?,What is your review of Love Birds (2011 movie)?,0,paraphrase,synthetic_simple_paraphrase,enriched_dataset_full.csv,train,pending
aug-306194,What are the common misconceptions Americans have about Indians?,What are some common misconceptions about Indians?,0,paraphrase,synthetic_simple_paraphrase,enriched_dataset_full.csv,train,pending
aug-240561,Why is Aerogel blanket not used in winter clothings?,What is the best time to buy winter clothes?,0,paraphrase,synthetic_simple_paraphrase,enriched_dataset_full.csv,train,pending
391539,Graduations: What happens if you are failing a class during your final semester of college; will you still be able to walk at your scheduled commencement?,"I failed 6 classes in college, what should I do?",0,unrelated,Low lexical overlap (0.06).,ques_pairs.csv,train,pending
163682,What do you call a group of lions?,What is a group of frogs called?,0,partial_overlap,Moderate lexical overlap (0.36).,ques_pairs.csv,train,pending
aug-316184,in what way can I increase the traffic on a site?,How do I increase traffic on my site?,1,paraphrase,synthetic_simple_paraphrase,enriched_dataset_full.csv,train,pending
aug-317271,Is it safe to travel to Paris?,Is it safe to travel to Paris as of late 2016?,0,paraphrase,synthetic_simple_paraphrase,enriched_dataset_full.csv,train,pending
aug-123520,"What is the name of the actress portraying the role of Tulsi in the serial 'Eso Maa Lokkhi""?",What is Cher's best role as an actress?,0,paraphrase,synthetic_simple_paraphrase,enriched_dataset_full.csv,train,pending
aug-94092,which will happen if PM Modi becomes dictator of India?,What if Narendra Modi becomes the dictator of India? How will be the condition of India then?,1,paraphrase,synthetic_simple_paraphrase,enriched_dataset_full.csv,train,pending
254458,How can I install an app to the memory card on Android?,How do I unlock the memory card in Android mobile?,0,partial_overlap,Moderate lexical overlap (0.38).,ques_pairs.csv,train,pending
365483,Can you get a second hand high off of someone smoking weed next to you in a car?,Can you get high off of second hand marijuana (weed) smoke?,1,related_but_not_duplicate,Duplicate label but weak lexical overlap (0.50).,ques_pairs.csv,train,pending
145802,Why do male porn stars masturbate to ejaculate?,Why is it that men like to watch porn where only girls masturbate but girls don't like to watch porn where men masturbate alone?,0,unrelated,Low lexical overlap (0.19).,ques_pairs.csv,train,pending
171071,What is for lunch?,What is lunch at Quora like?,0,partial_overlap,Moderate lexical overlap (0.43).,ques_pairs.csv,train,pending
288556,I was drunk last night with my friend and now my boyfriend is not talking to me. How shall I convince him?,What is the origin of the word Hello?,0,unrelated,Low lexical overlap (0.04).,ques_pairs.csv,train,pending
331443,How can you grow your hair faster in a short period of time?,What should I do to grow my hair in a week?,1,related_but_not_duplicate,Duplicate label but weak lexical overlap (0.20).,ques_pairs.csv,train,pending
aug-279106,which is a moojuvani vote in assembly?,What is a moojuvani (మూజువాణి) vote in Assembly?,1,paraphrase,synthetic_simple_paraphrase,enriched_dataset_full.csv,train,pending
aug-86926,Did the burning of land by Aboriginal people increase desertification and reduce habitability in Australia?,Is there any FTM group here?,0,paraphrase,synthetic_simple_paraphrase,enriched_dataset_full.csv,train,pending
142987,Who should win future Nobel Prizes for Chemistry and why?,What will the next Nobel prize in Chemistry be for?,1,related_but_not_duplicate,Duplicate label but weak lexical overlap (0.18).,ques_pairs.csv,train,pending
aug-353063,What is the best site to download books?,What are the best sites to download e-books for free?,1,paraphrase,synthetic_simple_paraphrase,enriched_dataset_full.csv,train,pending
aug-333009,What should be done when someone is charged with a crime and they are innocent? How do I know what has to be done.,"My b/f won't admit to anything hes done, even when I know the truth! How can I make him stop lying and sneaking, and playing innocent?",0,paraphrase,synthetic_simple_paraphrase,enriched_dataset_full.csv,train,pending
aug-263465,What are the configuration settings of a pro Counter Strike 1.6 player?,Where can I download Counter Strike 1.6 Mac 10.8.3?,0,paraphrase,synthetic_simple_paraphrase,enriched_dataset_full.csv,train,pending
aug-185732,"Why did the Nazis put the phrase ""Arbeit macht frei"" (""Work sets you free"") at the entrances of many of their death camps?",Could it be said that Unit 731 was worse than the Nazi death camps?,0,paraphrase,synthetic_simple_paraphrase,enriched_dataset_full.csv,train,pending
aug-94749,in what way will I contact a genuine hacker?,How can I hire a professional hacker?,1,paraphrase,synthetic_simple_paraphrase,enriched_dataset_full.csv,train,pending
284300,I have integrated Google AdMob in my Android app and is published on the Play Store. It has 1097 impressions made but still no revenue has generated. Why is that?,"My Android app is live on Google Play with AdMob implemented in it for the monetization. If my app got 8000-10000 downloads each day, how much revenue I can generate from my app?",0,partial_overlap,Moderate lexical overlap (0.29).,ques_pairs.csv,train,pending
aug-161301,Should people over 89 not be allowed to vote?,Should people over 97 not be allowed to vote?,1,paraphrase,synthetic_simple_paraphrase,enriched_dataset_full.csv,train,pending
aug-80920,In what way do you think the reservation system can be diminished in India?,How can reservation system be defeated?,1,paraphrase,synthetic_simple_paraphrase,enriched_dataset_full.csv,train,pending
99100,What is the funniest joke you know?,What are some of the funniest jokes that you know?,1,related_but_not_duplicate,Duplicate label but weak lexical overlap (0.42).,ques_pairs.csv,train,pending
aug-147619,How can we control our brain?,What controls our brain?,0,paraphrase,synthetic_simple_paraphrase,enriched_dataset_full.csv,train,pending
327361,How do I earn from Quora?,How can I earn money on Quora?,1,related_but_not_duplicate,Duplicate label but weak lexical overlap (0.44).,ques_pairs.csv,train,pending
237911,How do I record my voice?,How can you record your voice on your computer?,0,partial_overlap,Moderate lexical overlap (0.27).,ques_pairs.csv,train,pending
aug-50783,Suggest me such cases in which international inquiry has made or which is decided by international bodies?,Hi I want to persue my post graduation either in international business or supply chain management please can anyone guide me which course has better carreer oportunities?,0,paraphrase,synthetic_simple_paraphrase,enriched_dataset_full.csv,train,pending
17815,What are ways to lose belly fat?,What is the best way to reduce belly and arm fat?,1,related_but_not_duplicate,Duplicate label but weak lexical overlap (0.29).,ques_pairs.csv,train,pending
aug-274913,"which is Quora's policy for whistleblowers? If the whistleblower is really fighting against a corrupt and oppresive government, Will Quora still reveal his identity and and send him to his doom?",I want to message a Quora user but there is no 'message' option on his profile. How can I send him a message?,0,paraphrase,synthetic_simple_paraphrase,enriched_dataset_full.csv,train,pending
aug-207407,which would be the best way to quit smoking?,how to quit smoking,1,paraphrase,synthetic_simple_paraphrase,enriched_dataset_full.csv,train,pending
aug-239758,which do you think of the decision by the Indian government to demonetize 500 and 1000 rupee notes?,Was the decision by the Indian Government to demonetize 500 and 1000 notes right or is it a big scam?,1,paraphrase,synthetic_simple_paraphrase,enriched_dataset_full.csv,train,pending
aug-353250,"What are the problems of ""ugly husband beautiful wife"" couples?",What is it like to have an ugly wife/partner?,0,paraphrase,synthetic_simple_paraphrase,enriched_dataset_full.csv,train,pending
310180,How difficult to switch from manual testing to automation testing?,Which automation tool is good for switching from manual to automation testing?,0,partial_overlap,Moderate lexical overlap (0.36).,ques_pairs.csv,train,pending
aug-381568,"When do you use the word, “be”?",When do I use the word has?,0,paraphrase,synthetic_simple_paraphrase,enriched_dataset_full.csv,train,pending
aug-291870,Wat happens when a unstoppable force meets with an unmovable object?,What happens when an unstoppable object collides with an immovable object?,1,paraphrase,synthetic_simple_paraphrase,enriched_dataset_full.csv,train,pending
359668,"Why can't the government print money secretly and pay off all its international debts? It will be a benefit to the nation after all, won't it?",Food: What should I do if I eat at a restaurant and then realize I forgot my wallet?,0,unrelated,Low lexical overlap (0.05).,ques_pairs.csv,train,pending
248110,Can I hack a Facebook account when I am logged in but don’t have password or email?,How do I recover my Facebook password by email?,1,related_but_not_duplicate,Duplicate label but weak lexical overlap (0.18).,ques_pairs.csv,train,pending
120299,What is the best role of Om Puri?,What is J.D. Evermore's best role to date?,0,partial_overlap,Moderate lexical overlap (0.29).,ques_pairs.csv,train,pending
306969,Is meditation useful in curing eyesight?,How do I cure a squinted eye with natural exercises?,0,unrelated,Low lexical overlap (0.00).,ques_pairs.csv,train,pending
aug-302260,healthy? milk Nido Nestlé Is,Is goat milk healthy?,0,paraphrase,synthetic_simple_paraphrase,enriched_dataset_full.csv,train,pending
aug-316818,Which is the best photo editing software?,What's the best tool for photo editing?,1,paraphrase,synthetic_simple_paraphrase,enriched_dataset_full.csv,train,pending
aug-29477,which are the places to visit for a honeymoon in Kerala?,Which places should be visited while travelling to Kerala?,1,paraphrase,synthetic_simple_paraphrase,enriched_dataset_full.csv,train,pending
aug-50919,Why is it hard to hold your eyes open when first waking up?,You wake up tomorrow with all the powers of Superman. What do you do first?,0,paraphrase,synthetic_simple_paraphrase,enriched_dataset_full.csv,train,pending
aug-272842,in what way young is too young to have sex?,How young is too young?,0,paraphrase,synthetic_simple_paraphrase,enriched_dataset_full.csv,train,pending
aug-354932,"If someone kills an unborn baby, is that murder?",How is abortion different from murder?,0,paraphrase,synthetic_simple_paraphrase,enriched_dataset_full.csv,train,pending
164313,What are the best spark plugs to improve gas mileage?,What car brands provide good gas mileage?,0,partial_overlap,Moderate lexical overlap (0.21).,ques_pairs.csv,train,pending
215488,Is Chipotle healthy?,What do people think about Chipotle Grill?,0,unrelated,Low lexical overlap (0.11).,ques_pairs.csv,train,pending
381809,Do you think that the demonetization in India will be successful and all black money will be busted?,Do you think the demonetization affected black money holders?,1,related_but_not_duplicate,Duplicate label but weak lexical overlap (0.39).,ques_pairs.csv,train,pending
aug-134954,"Is it likely that if Trump makes it to the Presidential election, some Republicans would vote for the Democratic Party?",Why does the Republican Party hate Trump if Republicans are voting for him?,0,paraphrase,synthetic_simple_paraphrase,enriched_dataset_full.csv,train,pending
366089,Should people who incorrectly merge questions on Quora be banned from merging questions?,How do you merge questions on Quora?,0,partial_overlap,Moderate lexical overlap (0.27).,ques_pairs.csv,train,pending
271013,How can I slowly lose weight?,How can I lose an extreme amount of weight?,1,related_but_not_duplicate,Duplicate label but weak lexical overlap (0.50).,ques_pairs.csv,train,pending
189482,Why do men bald and not women?,Why do men have bald hair why not women ?,1,paraphrase,High lexical overlap (0.67) with duplicate label.,ques_pairs.csv,train,pending
298631,How exactly does banning Rs 500 and Rs 1000 notes curb the problem of black money?,How does banning 500 & 1000 rupee notes solve black money problem?,1,related_but_not_duplicate,Duplicate label but weak lexical overlap (0.53).,ques_pairs.csv,train,pending
122160,How do you make money with Quora?,How do I make money through Quora?,1,related_but_not_duplicate,Duplicate label but weak lexical overlap (0.56).,ques_pairs.csv,train,pending
aug-322744,"which are the best restaurants to try when visiting Yanbu` Al Bahr, Al Madinah, Saudi Arabia? What should you try while you're there?","What are the best restaurants to try when visiting Al Madinah, Al Madinah, Saudi Arabia? What should you try while you're there?",0,paraphrase,synthetic_simple_paraphrase,enriched_dataset_full.csv,train,pending
aug-389509,What has Arvind Kejriwal achieved for Delhi in one year as the Chief Minister?,What has Arvind Kejriwal achieved as a Delhi CM since coming to power?,1,paraphrase,synthetic_simple_paraphrase,enriched_dataset_full.csv,train,pending
aug-138381,in what way can I find my IQ?,What is the easiest way to know my IQ?,1,paraphrase,synthetic_simple_paraphrase,enriched_dataset_full.csv,train,pending
aug-200275,company? hosting good a softlayer Is,"Besides Aliyun, what is a good hosting company in China?",0,paraphrase,synthetic_simple_paraphrase,enriched_dataset_full.csv,train,pending
5186,"What was the significance of the battle of Somme, and how did this battle compare and contrast to the Battle of Borodino?","What was the significance of the battle of Somme, and how did this battle compare and contrast to the Battle of Hong Kong?",1,paraphrase,High lexical overlap (0.82) with duplicate label.,ques_pairs.csv,train,pending
aug-194022,What did Ted Cruz actually and specifically say with respect to the National Enquirer's story about claims of affairs with 5 women?,"If the National Enquirer story about Ted Cruz's affairs is true, will Cruz's campaign be over?",0,paraphrase,synthetic_simple_paraphrase,enriched_dataset_full.csv,train,pending
140915,What is the optimal length of a YouTube video ad?,What is the maximum  length of time people will generally stay interested in a YouTube video?,0,partial_overlap,Moderate lexical overlap (0.44).,ques_pairs.csv,train,pending
aug-7188,Is JavaScript (v8) faster than Python?,Should I learn JavaScript or Python and why?,0,paraphrase,synthetic_simple_paraphrase,enriched_dataset_full.csv,train,pending
283019,How many calories should a person eat a day to lose weight?,How many calories should I eat a day for weight loss?,1,related_but_not_duplicate,Duplicate label but weak lexical overlap (0.57).,ques_pairs.csv,train,pending
189170,Which is the biggest lie ever told?,What is the best lie ever told?,1,related_but_not_duplicate,Duplicate label but weak lexical overlap (0.56).,ques_pairs.csv,train,pending
aug-147596,songs? reggae best the are which,What are some good reggae songs?,1,paraphrase,synthetic_simple_paraphrase,enriched_dataset_full.csv,train,pending
aug-76409,which is triangle law of vector addition?,Explain the triangle law of vectors?,1,paraphrase,synthetic_simple_paraphrase,enriched_dataset_full.csv,train,pending
aug-110834,Do employees at Apollo Group have a good work-life balance? Does this differ across positions and departments?,Do employees at Hub Group have a good work-life balance? Does this differ across positions and departments?,0,paraphrase,synthetic_simple_paraphrase,enriched_dataset_full.csv,train,pending
aug-152965,How can I decrypt a .3ds file placed in the hard disk of my PC?,Indian institutes of technology joint admission test for masters?,0,paraphrase,synthetic_simple_paraphrase,enriched_dataset_full.csv,train,pending
333154,What stereotypes do Caucasian women have about Indian men?,Why do some Caucasian men prefer Asian women?,0,partial_overlap,Moderate lexical overlap (0.31).,ques_pairs.csv,train,pending
aug-67415,in what way do you make money with Quora?,How can you make money from Quora?,1,paraphrase,synthetic_simple_paraphrase,enriched_dataset_full.csv,train,pending
213829,Can you recommend free books about the universe or the latest studies about it?,What free books can you recommend me about the universe or the latest studies about it?,1,paraphrase,High lexical overlap (0.86) with duplicate label.,ques_pairs.csv,train,pending
138324,JEE Advanced 2016 web portal is not responding even when I am entering the correct registration number. What should I do?,I forgot my registration number of JEE Advanced 2016.What should I do?,0,partial_overlap,Moderate lexical overlap (0.39).,ques_pairs.csv,train,pending
32691,Why do we need reservation in India?,Do we really need reservation system in India?,1,paraphrase,High lexical overlap (0.67) with duplicate label.,ques_pairs.csv,train,pending
255544,How do I file income tax return in India?,What happens if you do not file income tax return in India?,0,partial_overlap,Moderate lexical overlap (0.50).,ques_pairs.csv,train,pending
381313,What is “Parallel”term means in Computer processing. Also List and briefly define the types of computer system organization?,What does frequency mean in terms of mobile computing? What is the use of frequency and how is it allocated?,0,partial_overlap,Moderate lexical overlap (0.21).,ques_pairs.csv,train,pending
46211,Why can't I pronounce 'r' sound?,Why can't I pronounce 'ra' in Hindi?,0,partial_overlap,Moderate lexical overlap (0.50).,ques_pairs.csv,train,pending
6839,What happens to the soul after death by suicide?,What happens to your soul after suicide?,1,paraphrase,High lexical overlap (0.60) with duplicate label.,ques_pairs.csv,train,pending
265770,How was your KVPY sa 2016?,What will be the cut-off for KVPY SA stream in 2016?,1,related_but_not_duplicate,Duplicate label but weak lexical overlap (0.20).,ques_pairs.csv,train,pending
aug-303451,Is there no gravity inside the Earth?,What if there is no gravity on earth?,0,paraphrase,synthetic_simple_paraphrase,enriched_dataset_full.csv,train,pending
aug-399705,in what way a student is going to manage his course fee in iIIM's if he is from poor background means he is not going to bear the amount of fee?,What's the best ap calculus ab problem book that’ll enable me to do any problem pertaining to that topic?,0,paraphrase,synthetic_simple_paraphrase,enriched_dataset_full.csv,train,pending
14397,"Wordpress help, why in my dashboard the ""Screen option and help"" is not working?",How are young children converted to Judaism without the understanding of what their accepting upon themselves?,0,unrelated,Low lexical overlap (0.04).,ques_pairs.csv,train,pending
115680,What do Singaporeans think of the amendment which introduces racial quotas for presidential elections?,What do Singaporeans think of the fact that their next president will be a Malay?,0,partial_overlap,Moderate lexical overlap (0.26).,ques_pairs.csv,train,pending
aug-128919,Who would win in a fight: Bud Spencer vs. Bruce Lee?,Is my dad getting old?,0,paraphrase,synthetic_simple_paraphrase,enriched_dataset_full.csv,train,pending
53999,What helps you pass a meth test?,Does efferdent help pass a drug test?,0,partial_overlap,Moderate lexical overlap (0.27).,ques_pairs.csv,train,pending
aug-254183,How should I improve my communication?,How can I improve communication with my partner?,0,paraphrase,synthetic_simple_paraphrase,enriched_dataset_full.csv,train,pending
31794,Which workout is better between the upper lower body split and the five days split for fat loss?,Which workout split is better between the upper lower body split and the five days split for strength?,0,related_but_not_duplicate,High lexical overlap (0.82) but not marked as duplicate.,ques_pairs.csv,train,pending
aug-320030,What kind of website would you build?,What kind of website should I build?,0,paraphrase,synthetic_simple_paraphrase,enriched_dataset_full.csv,train,pending
186775,What does people judge in an interview?,What would you do if people judge you?,0,partial_overlap,Moderate lexical overlap (0.27).,ques_pairs.csv,train,pending
aug-80188,What are some of the maximum interesting mathematical coincidences?,What are some of the most interesting mathematical blogs?,0,paraphrase,synthetic_simple_paraphrase,enriched_dataset_full.csv,train,pending
87384,Where are the best places to eat on campus at Carnegie Mellon?,What are the best places in Pittsburgh to eat for a Carnegie Mellon student?,0,partial_overlap,Moderate lexical overlap (0.44).,ques_pairs.csv,train,pending
77726,How do I end your affair with an older married man? I am old too.,How do I end an affair with a married man?,1,paraphrase,High lexical overlap (0.60) with duplicate label.,ques_pairs.csv,train,pending
89441,Why is Mother Teressa Canonized?,Why is Mother Teresa canonized?,1,paraphrase,High lexical overlap (0.67) with duplicate label.,ques_pairs.csv,train,pending
aug-127833,How can I tell a friend that I love her/him?,Should I tell my best friend that I love him?,0,paraphrase,synthetic_simple_paraphrase,enriched_dataset_full.csv,train,pending
398950,"As an attractive teacher, did you know which students had a crush on you, and what is the strangest or most inappropriate thing you overheard about you?",What is it about engineering placements that most students don't know?,0,partial_overlap,Moderate lexical overlap (0.20).,ques_pairs.csv,train,pending
aug-17425,"Why are Germans stereotyped to lack humor? If true, why?",What are the characteristics of German humor and the German sense of humor?,0,paraphrase,synthetic_simple_paraphrase,enriched_dataset_full.csv,train,pending
aug-125747,"Is there any valid research supporting the claim that massage therapy rids the body of ""toxins""?",What's the best school for massage therapy?,0,paraphrase,synthetic_simple_paraphrase,enriched_dataset_full.csv,train,pending
223577,"If you could travel back in time, what life event would you change and why?",What is that one thing you would change in your life if you could go back in time?,1,related_but_not_duplicate,Duplicate label but weak lexical overlap (0.50).,ques_pairs.csv,train,pending
387617,What is Stanford football record?,What is Stanford Football ranked?,0,related_but_not_duplicate,High lexical overlap (0.67) but not marked as duplicate.,ques_pairs.csv,train,pending
aug-283531,which should I do to make a good first impression?,How do I make an excellent first impression on someone?,1,paraphrase,synthetic_simple_paraphrase,enriched_dataset_full.csv,train,pending
271255,How much time should a husband spend with his wife?,Is a husband bound to maintain his wife?,0,partial_overlap,Moderate lexical overlap (0.29).,ques_pairs.csv,train,pending
104307,What is the smallest cranial nerve?,Which cranial nerve has the longest intracranial course?,0,partial_overlap,Moderate lexical overlap (0.27).,ques_pairs.csv,train,pending
aug-71660,What will happen if the person is not present at the time of passport police verification.. At residence? And how to re apply for verification?,What should I do if I am not physically available at my present address during police verification for passport?,0,paraphrase,synthetic_simple_paraphrase,enriched_dataset_full.csv,train,pending
aug-4973,which is the fastest way to pass a drug test for meth?,How do you pass a drug test for opiates?,0,paraphrase,synthetic_simple_paraphrase,enriched_dataset_full.csv,train,pending
47148,What is a suitable inpatient drug and alcohol rehab center near Gilmer County GA?,Which is a suitable inpatient drug and alcohol rehab center near Upson County GA?,0,related_but_not_duplicate,High lexical overlap (0.75) but not marked as duplicate.,ques_pairs.csv,train,pending
289879,Are The Conjuring and Insidious franchises related at any level?,How many people died after seeing conjuring 2?,0,unrelated,Low lexical overlap (0.06).,ques_pairs.csv,train,pending
202505,Where can I read One Piece Manga online?,Where can I find a one piece Manga cover?,0,partial_overlap,Moderate lexical overlap (0.55).,ques_pairs.csv,train,pending
355896,How do foreigners who have settled in India feel about India?,How do people in India feel about the UK?,0,partial_overlap,Moderate lexical overlap (0.46).,ques_pairs.csv,train,pending
282748,What are good ways to learn programming and algorithms?,What is the best way to learn programming and algorithms?,1,related_but_not_duplicate,Duplicate label but weak lexical overlap (0.46).,ques_pairs.csv,train,pending
199073,How can I install Mac OS in my HP Laptop?,Can I install os x yosemite on dell inspiron windows 10 laptop?,1,related_but_not_duplicate,Duplicate label but weak lexical overlap (0.29).,ques_pairs.csv,train,pending
aug-45055,which are the advantages and disadvantages of using the metric system?,What are the advantages and disadvantages of the metric system?,0,paraphrase,synthetic_simple_paraphrase,enriched_dataset_full.csv,train,pending
241277,What are the best examples of websites or web based products that have been VC backed heavily as a marketable business concept or a product?,We have a product based startup in scenting and air treatment industry. We have been struggling with the pricing of our product as there are no clear competitors in the market. What is the best way to decide upon pricing?,0,partial_overlap,Moderate lexical overlap (0.24).,ques_pairs.csv,train,pending
146603,What is the symbolism of Cinco de Mayo?,What symbols are associated to the Cinco de Mayo celebration?,1,related_but_not_duplicate,Duplicate label but weak lexical overlap (0.38).,ques_pairs.csv,train,pending
aug-33568,If a war erupts between USA and Russia who will eventually win?,"If USA goes to war against Russia tomorrow, who would be likely to win in the end, if any?",1,paraphrase,synthetic_simple_paraphrase,enriched_dataset_full.csv,train,pending
aug-367330,How are purified water and distilled water different?,How does boiled water differ from distilled water?,0,paraphrase,synthetic_simple_paraphrase,enriched_dataset_full.csv,train,pending
aug-312193,in what way does it feel to be unemployed and dating?,How does it feel to be unemployed?,0,paraphrase,synthetic_simple_paraphrase,enriched_dataset_full.csv,train,pending
aug-307171,"Which are the MOOCs developed by the universities of Norway similar to edX, Coursera, Khan Academy, NPTEL or MIT OCW?","Which are the MOOCs developed by universities of Finland similar to EDX, Coursera, Khan Academy, NPTEL or MIT OCW?",0,paraphrase,synthetic_simple_paraphrase,enriched_dataset_full.csv,train,pending
aug-286744,HR STRATEGY IN VUCA economy?,At what points in Macbeth do deep psychological principles and ideas come into play?,0,paraphrase,synthetic_simple_paraphrase,enriched_dataset_full.csv,train,pending
329218,How is the coefficient of kinetic friction calculated?,How is the coefficient of kinetic friction found?,1,paraphrase,High lexical overlap (0.78) with duplicate label.,ques_pairs.csv,train,pending
387799,What is it like to work at McKinsey?,How do I get to work at McKinsey?,0,partial_overlap,Moderate lexical overlap (0.33).,ques_pairs.csv,train,pending
aug-5666,What are the best new 3d printers or inventions that maximum persons don't know about?,What are the best new smartphone inventions that most people don't know about?,0,paraphrase,synthetic_simple_paraphrase,enriched_dataset_full.csv,train,pending
277400,Should the needs of many outweigh the needs of few?,Do the needs of the many outweigh the needs of the few?,1,paraphrase,High lexical overlap (0.75) with duplicate label.,ques_pairs.csv,train,pending
123632,What are the best colleges for an MBA in Australia?,What are the top MBA schools in Australia?,1,related_but_not_duplicate,Duplicate label but weak lexical overlap (0.50).,ques_pairs.csv,train,pending
aug-277095,How do I differentiate between love and infatuation?,How is love different from infatuation?,1,paraphrase,synthetic_simple_paraphrase,enriched_dataset_full.csv,train,pending
aug-311548,possible? be ever travel time Can,Is time travel possible after the discovery of gravitational waves?,1,paraphrase,synthetic_simple_paraphrase,enriched_dataset_full.csv,train,pending
274135,Which is a good inpatient drug and alcohol rehab center in Audubon County IA?,Which is a good inpatient drug and alcohol rehab center in Carroll County IA?,0,related_but_not_duplicate,High lexical overlap (0.87) but not marked as duplicate.,ques_pairs.csv,train,pending
166138,What should I think while solving a Diophantine equation?,How do I solve this Diophantine equation?,0,partial_overlap,Moderate lexical overlap (0.23).,ques_pairs.csv,train,pending
25965,How would obtaining a PhD in Software Engineering impact potential income and job opportunities?,What are some damage that SJW has done to the world?,0,unrelated,Low lexical overlap (0.00).,ques_pairs.csv,train,pending
aug-324756,How do I get my crush to talk to me more?,How do I start talking to my crush?,0,paraphrase,synthetic_simple_paraphrase,enriched_dataset_full.csv,train,pending
aug-358240,What do you think life would be like without freedom?,What is life like without any freedom?,1,paraphrase,synthetic_simple_paraphrase,enriched_dataset_full.csv,train,pending
aug-250910,What would happen if Hillary Clinton is elected president but is put in prison before being sworn in?,What will happen if Hillary Clinton is elected president?,0,paraphrase,synthetic_simple_paraphrase,enriched_dataset_full.csv,train,pending
360919,"What is the difference between ""input"" and ""imput""?",What is the difference between 'different' and 'difference'?,0,related_but_not_duplicate,High lexical overlap (0.67) but not marked as duplicate.,ques_pairs.csv,train,pending
42997,How can I improve English speaking skill?,How do I improve my overall native English language?,1,related_but_not_duplicate,Duplicate label but weak lexical overlap (0.33).,ques_pairs.csv,train,pending
179532,"Which is better, Snapdragon 410 or 430?",Which is best in Snapdragon 400 or Snapdragon 410?,0,partial_overlap,Moderate lexical overlap (0.50).,ques_pairs.csv,train,pending
188101,Is there any difference between whipping cream and heavy cream?,"What is the difference between, whipping cream, heavy cream, and fresh cream?",0,partial_overlap,Moderate lexical overlap (0.58).,ques_pairs.csv,train,pending
185343,What is the main purpose of the UNASUR treaty?,Is this 75W power inverter the correct item for me to power a digital alarm clock?,0,unrelated,Low lexical overlap (0.10).,ques_pairs.csv,train,pending
aug-52962,Why is there an H in the middle of the C on the Montreal Canadiens logo?,How much does it cost to watch an away game of Montreal Canadiens in the Bell Centre?,0,paraphrase,synthetic_simple_paraphrase,enriched_dataset_full.csv,train,pending
aug-378914,Daily user of meth how long will take to clean your system?,How long meth stay in system?,1,paraphrase,synthetic_simple_paraphrase,enriched_dataset_full.csv,train,pending
157562,What is the cost of making sugarmill?,How much does it cost to make a dirt road?,0,unrelated,Low lexical overlap (0.06).,ques_pairs.csv,train,pending
aug-95838,which causes blood sugar to spike?,What causes blood sugar fluctuations?,0,paraphrase,synthetic_simple_paraphrase,enriched_dataset_full.csv,train,pending
202940,What is a chloroplast? What functions does it serve?,What are chloroplasts? What functions do they have?,1,related_but_not_duplicate,Duplicate label but weak lexical overlap (0.15).,ques_pairs.csv,train,pending
135474,Where can in learn Korean online?,"How can I learn to read, write and speak Korean online?",1,related_but_not_duplicate,Duplicate label but weak lexical overlap (0.31).,ques_pairs.csv,train,pending
217752,How do l improve my communication skills?,How can I improve my communication skills specially pronunciation skill?,1,related_but_not_duplicate,Duplicate label but weak lexical overlap (0.42).,ques_pairs.csv,train,pending
aug-2705,What effect will rising interest rates have on the commercial real estate market?,Will climate change and rising water levels open up new real estate markets? Where will they be located?,0,paraphrase,synthetic_simple_paraphrase,enriched_dataset_full.csv,train,pending
aug-95122,which are some good ways of reading the body language?,How do you read body language?,1,paraphrase,synthetic_simple_paraphrase,enriched_dataset_full.csv,train,pending
aug-389578,What are the best GMAT coaching in Delhi/NCR where I can get all the facilities?,What are some of the best coaching institutes for GMAT in Delhi/NCR?,1,paraphrase,synthetic_simple_paraphrase,enriched_dataset_full.csv,train,pending
14712,What are the best ways to lose weight?,What would be a realistic plan to lose weight?,1,related_but_not_duplicate,Duplicate label but weak lexical overlap (0.31).,ques_pairs.csv,train,pending
94914,Do commerce students have knowledge about Arthakranti?,I am a 1st year B. Tech mechanical engineering student. I don't have much knowledge about my field. How can I gain knowledge in my field?,0,unrelated,Low lexical overlap (0.12).,ques_pairs.csv,train,pending
aug-259979,Which startups are hiring in Toronto 2014?,Which startups are hiring in Toronto?,0,paraphrase,synthetic_simple_paraphrase,enriched_dataset_full.csv,train,pending
aug-180568,"If one person watches the same YouTube video twice, does it count it as one or two views?","How far into the video does a user need to watch for YouTube to count it as a ""view""?",0,paraphrase,synthetic_simple_paraphrase,enriched_dataset_full.csv,train,pending
aug-237086,"I want to travel the world, how can I make it possible?","Realistically, how can I make world travel a part of my life?",1,paraphrase,synthetic_simple_paraphrase,enriched_dataset_full.csv,train,pending
399568,What type of induction motor is used in table fan?,Why induction motors are used in fan?,0,partial_overlap,Moderate lexical overlap (0.31).,ques_pairs.csv,train,pending
aug-373308,How can I start a software company with $1000?,How do I start a software company?,0,paraphrase,synthetic_simple_paraphrase,enriched_dataset_full.csv,train,pending
325280,How do I reset my Gmail Password?,How can I reset the password for my Gmail account?,1,related_but_not_duplicate,Duplicate label but weak lexical overlap (0.55).,ques_pairs.csv,train,pending
3897,When did the Vikings discover North America?,"Did the Vikings ""discover"" North America?",0,related_but_not_duplicate,High lexical overlap (0.86) but not marked as duplicate.,ques_pairs.csv,train,pending
282886,"What is the meaning of ""kala pani ki saza"" in Hindi?","What does the phrase ""Kawva Snan"" in Hindi mean?",0,partial_overlap,Moderate lexical overlap (0.25).,ques_pairs.csv,train,pending
369003,Is Fitbit's sleep tracking useful?,Is water evaporates from concrete after 28 days or after it sets?,0,unrelated,Low lexical overlap (0.06).,ques_pairs.csv,train,pending
319549,What are the best robotics startups in London?,What does a small startup need to know about audit in the UK?,0,unrelated,Low lexical overlap (0.17).,ques_pairs.csv,train,pending
aug-340182,WhatsApp: Which are some non official (modded) WhatsApp versions available?,How can I use two WhatsApp accounts with the same number on different devices?,0,paraphrase,synthetic_simple_paraphrase,enriched_dataset_full.csv,train,pending
254295,How can I expand my IQ?,How can you increase your IQ?,1,related_but_not_duplicate,Duplicate label but weak lexical overlap (0.33).,ques_pairs.csv,train,pending
224183,Why success is measured by material achievements (wealth)?,What is the formula of success in wealth?,0,partial_overlap,Moderate lexical overlap (0.23).,ques_pairs.csv,train,pending
aug-356746,which is the best answer when we are asked by interviewers why should we hire you?,What is the best answer for why I should hire you?,1,paraphrase,synthetic_simple_paraphrase,enriched_dataset_full.csv,train,pending
aug-104312,in what way is life in IIIT Hyderabad?,Life after IIIT Hyderabad?,0,paraphrase,synthetic_simple_paraphrase,enriched_dataset_full.csv,train,pending
334263,Am I eligible to write the UPSC examination in my final year of graduation?,I am in final year of post graduation. Is it necessary to mention this in UPSC DAF for civil services?,0,partial_overlap,Moderate lexical overlap (0.38).,ques_pairs.csv,train,pending
49145,What led to Cyrus Mistry ouster from TATA GROUP?,Why has the Tata sons board voted to remove Cyrus Mistry as chairperson?,1,related_but_not_duplicate,Duplicate label but weak lexical overlap (0.22).,ques_pairs.csv,train,pending
aug-238492,How bad is 6/18 eyesight?,How was bad eyesight dealt with in ancient and medieval times?,0,paraphrase,synthetic_simple_paraphrase,enriched_dataset_full.csv,train,pending
122776,Why should I sleep naked?,Should I sleep?,0,related_but_not_duplicate,High lexical overlap (0.60) but not marked as duplicate.,ques_pairs.csv,train,pending
aug-96621,Is demonetization illegal and unconstitutional as suggested by Namita Wahi in ET?,Is Demonetization illegal in India?,1,paraphrase,synthetic_simple_paraphrase,enriched_dataset_full.csv,train,pending
aug-195486,How do mass market products affect the economy in Bulgaria?,How do mass market products affect the economy in Japan?,0,paraphrase,synthetic_simple_paraphrase,enriched_dataset_full.csv,train,pending
aug-106911,Many person call Mahatma Gandhi as great man while many one see him as disfortune of India.Why these two different view exist? Is he really great?,Does Mahatma Gandhi really deserve to be called Father Of The Nation?,0,paraphrase,synthetic_simple_paraphrase,enriched_dataset_full.csv,train,pending
aug-343046,Does the Moto G 2nd generation have issues with battery life?,Does the Moto G (2nd Generation) have a short battery life?,1,paraphrase,synthetic_simple_paraphrase,enriched_dataset_full.csv,train,pending
210950,Property of force?,What is the purpose of zener diode?,0,unrelated,Low lexical overlap (0.11).,ques_pairs.csv,train,pending
aug-214676,Which is the best option to import/export Excel contacts into a vCard in a VCF file?,How do you export Access data to Excel?,0,paraphrase,synthetic_simple_paraphrase,enriched_dataset_full.csv,train,pending
104648,Which website shows how much internet companies of specific types were sold for?,Which website shows how much internet companies of specific types were sold for recently?,1,paraphrase,High lexical overlap (0.93) with duplicate label.,ques_pairs.csv,train,pending
76610,When did you realize that you could change your life?,When did you realize that your life has changed?,0,related_but_not_duplicate,High lexical overlap (0.64) but not marked as duplicate.,ques_pairs.csv,train,pending
aug-226968,which does Pakistan mean to China?,Why are China and Pakistan friends?,1,paraphrase,synthetic_simple_paraphrase,enriched_dataset_full.csv,train,pending
aug-285909,in what way can changing 500 and 1000 rupee notes end the black money in India?,Will banning 500 and 1000 notes can stop the black money?,1,paraphrase,synthetic_simple_paraphrase,enriched_dataset_full.csv,train,pending
216159,What does cooled lava look like?,How do magma and lava compare and contrast?,0,unrelated,Low lexical overlap (0.08).,ques_pairs.csv,train,pending
71631,What do you think about Chinese people?,What do people think about Chinese people?,1,paraphrase,High lexical overlap (0.86) with duplicate label.,ques_pairs.csv,train,pending
aug-185614,Do we get scholarships at MIT?,What do I need to get a scholarship for MIT?,1,paraphrase,synthetic_simple_paraphrase,enriched_dataset_full.csv,train,pending
275199,"If a tree falls in Trump's forest and Trump isn't around to say how amazing it is, is it a complete loser?",How much money transfer from one account to other by swiping debit card in home branch?,0,unrelated,Low lexical overlap (0.09).,ques_pairs.csv,train,pending
93963,"What is the best winter coat to wear with a thigh length dress/tunic, black leggings and boots?",Has anyone ever been rejected by Amity University Noida?,0,unrelated,Low lexical overlap (0.00).,ques_pairs.csv,train,pending
aug-56496,which high potential jobs are there other than computer science?,Why IT or Computer Science jobs are being over rated than other Engineering jobs?,0,paraphrase,synthetic_simple_paraphrase,enriched_dataset_full.csv,train,pending
aug-179347,Can we expect time travel to become a reality?,Is time travel possible? If yes? How?,1,paraphrase,synthetic_simple_paraphrase,enriched_dataset_full.csv,train,pending
aug-234088,which are some ways to hack a Facebook account?,How can we hack fb?,1,paraphrase,synthetic_simple_paraphrase,enriched_dataset_full.csv,train,pending
241238,Should I Switch From PHP?,How do I get a professional foreclosure attorney in Valdosta?,0,unrelated,Low lexical overlap (0.07).,ques_pairs.csv,train,pending
12498,What is the reaction between ammonia and sulfuric acid?,What is the reaction between sulfuric acid and sodium hydroxide?,0,related_but_not_duplicate,High lexical overlap (0.73) but not marked as duplicate.,ques_pairs.csv,train,pending
aug-395178,Can two Facebook groups have the same name?,How do you merge two student groups on Facebook?,0,paraphrase,synthetic_simple_paraphrase,enriched_dataset_full.csv,train,pending
196655,Are factor pairs of a given number ALWAYS two integers that are factors of that given number?,You are given a number up to 10^12. How do you find all the possible factors of it?,0,partial_overlap,Moderate lexical overlap (0.25).,ques_pairs.csv,train,pending
334031,How much facetron machine with shipping?,How much does it cost to ship a desktop Computer?,0,unrelated,Low lexical overlap (0.14).,ques_pairs.csv,train,pending
286340,Do any official copies of the original 1977 version of Star Wars exist?,"In the original unaltered versions of the Star Wars trilogy, when was Anakin first mentioned by name? In ROTJ, on Dagobah? Or before? Had that name already been leaked to fans by then?",0,unrelated,Low lexical overlap (0.14).,ques_pairs.csv,train,pending
aug-152363,"How are educated, gainfully employed Indians treated in Singapore?",How are Indians treated in Singapore?,1,paraphrase,synthetic_simple_paraphrase,enriched_dataset_full.csv,train,pending
70071,How is management both an art and a science?,Why is management both a science and an art?,1,paraphrase,High lexical overlap (0.80) with duplicate label.,ques_pairs.csv,train,pending
aug-62668,which are the best movies to watch in Hollywood?,Which are the best Hollywood movies of all time?,1,paraphrase,synthetic_simple_paraphrase,enriched_dataset_full.csv,train,pending
aug-1905,"Is there any proof which can be given for the existence of the GOD? If yes, what are those?",Is there any proof that there is no god?,1,paraphrase,synthetic_simple_paraphrase,enriched_dataset_full.csv,train,pending
aug-255301,What are some things that come in groups of 5?,What are some things that come in groups of 6?,0,paraphrase,synthetic_simple_paraphrase,enriched_dataset_full.csv,train,pending
119348,What material is the best for the sole of shoes?,Where is the best place to find hard-soled shoes?,0,partial_overlap,Moderate lexical overlap (0.27).,ques_pairs.csv,train,pending
98634,What are the best earphones under 800 with microphone?,What are the best earphones under $30?,0,related_but_not_duplicate,High lexical overlap (0.60) but not marked as duplicate.,ques_pairs.csv,train,pending
aug-243614,Where can I get very reliable furniture removal services in Central Coast?,Where can I get very friendly and affordable services in Central Coast for any residential or office move?,1,paraphrase,synthetic_simple_paraphrase,enriched_dataset_full.csv,train,pending
aug-341161,Which is the best Ranbir Kapoor movie and why?,What is your favorite Ranbir Kapoor movie and why?,0,paraphrase,synthetic_simple_paraphrase,enriched_dataset_full.csv,train,pending
49661,Can any one tell me the best institue for CPT/CA in Delhi?,Which is the best coaching institute for CA-IPCC in Delhi?,1,related_but_not_duplicate,Duplicate label but weak lexical overlap (0.33).,ques_pairs.csv,train,pending
aug-239828,What are the top marine engineering colleges in India?,How can I apply for marine engineering colleges in 2016?,0,paraphrase,synthetic_simple_paraphrase,enriched_dataset_full.csv,train,pending
aug-291450,Will China start a war in the South China Sea?,Would China actually go to war over the South China Sea?,1,paraphrase,synthetic_simple_paraphrase,enriched_dataset_full.csv,train,pending
270788,What does it mean to have a high verbal IQ and low performance IQ and vice versa?,"I'm 20 years old and I have no idea what my ""IQ"" is. How did everybody find out their ""IQs""?",0,unrelated,Low lexical overlap (0.13).,ques_pairs.csv,train,pending
aug-128044,Why shouldn't we wear socks while sleeping?,Can I sleep on the side while wearing the Kokoon?,0,paraphrase,synthetic_simple_paraphrase,enriched_dataset_full.csv,train,pending
6761,How can you merge hard drive partitions?,How do you delete a partition on a hard drive?,0,partial_overlap,Moderate lexical overlap (0.33).,ques_pairs.csv,train,pending
388423,"What is a dirty little (or big) secret about an industry that you have worked in, that people outside the industry really ought to know?",What is your dirty secret?,0,unrelated,Low lexical overlap (0.17).,ques_pairs.csv,train,pending
aug-330667,in what way widespread is prostitution in India?,How common is prostitution in India?,1,paraphrase,synthetic_simple_paraphrase,enriched_dataset_full.csv,train,pending
aug-385933,Is it okay to have sex with your boyfriend before marriage?,Is having sex before marriage right?,1,paraphrase,synthetic_simple_paraphrase,enriched_dataset_full.csv,train,pending
aug-215599,How long would it take for a person to pass out from a femoral artery bleed? Would it be possible for a person to actually stop themselves from bleeding to death from it?,How long does a common cut on the hand take to stop bleeding and what is the science behind it?,0,paraphrase,synthetic_simple_paraphrase,enriched_dataset_full.csv,train,pending
aug-103186,What countries are the best places to live in europe in 2013?,What's the best place to live in Europe?,0,paraphrase,synthetic_simple_paraphrase,enriched_dataset_full.csv,train,pending
aug-53283,I need to make an webshop for a project. I need an idea what to sell?,"If I have a laptop power cord that is plugged into the electric wall plug socket, but not plugged into my laptop, will this add to my electric bill?",0,paraphrase,synthetic_simple_paraphrase,enriched_dataset_full.csv,train,pending
267422,I am good at data analytics. Will I succeed if I start a data analytics based startup?,How can I integrate Twitter Analytics with Google Analytics? I have looked at Hootesuite and a couple of other services. But I was wondering if there is another way of pulling in 'Twitter' Analytics data into Google Analytics?,0,unrelated,Low lexical overlap (0.16).,ques_pairs.csv,train,pending
aug-31590,When is the form for CBSE class 12 improvement exam coming out for 2017?,When is the form for CBSE class 12 improvement exam coming out for 2016 – 2017 ?,0,paraphrase,synthetic_simple_paraphrase,enriched_dataset_full.csv,train,pending
aug-365462,What would be the impact of GST in india?,What are the benefits of gst bill?,1,paraphrase,synthetic_simple_paraphrase,enriched_dataset_full.csv,train,pending
aug-42220,in what way many Twitter users are in Spain?,How many Twitter users are there?,0,paraphrase,synthetic_simple_paraphrase,enriched_dataset_full.csv,train,pending
aug-375658,which is stiphen for IT park?,What is a IT park?,0,paraphrase,synthetic_simple_paraphrase,enriched_dataset_full.csv,train,pending
aug-108655,What's the funniest fiction book you've ever read?,What is the funniest book you have ever read?,1,paraphrase,synthetic_simple_paraphrase,enriched_dataset_full.csv,train,pending
aug-42756,"Why are there badges and titles for people who answer questions, but nothing for persons who ask deep thought provoking questions, on Quora?",Why doesn't Quora give Top Writer or similar award to people who ask good questions? Why are the answer writers the only ones encouraged?,0,paraphrase,synthetic_simple_paraphrase,enriched_dataset_full.csv,train,pending
75298,What are humans evolving into?,Are human beings still evolving?,0,partial_overlap,Moderate lexical overlap (0.25).,ques_pairs.csv,train,pending
54507,What best experiences did you have in Sikkim?,What does a near death experience feel like?,0,unrelated,Low lexical overlap (0.07).,ques_pairs.csv,train,pending
aug-387611,How do I run WhatsApp on a proxy server?,How do I setup a proxy server in Ubuntu?,0,paraphrase,synthetic_simple_paraphrase,enriched_dataset_full.csv,train,pending
237319,What is the world record of highest score on Subway Surfers?,What is world record of jump rope?,0,partial_overlap,Moderate lexical overlap (0.38).,ques_pairs.csv,train,pending
aug-20519,which other jobs can a medical degree holder do meanwhile waiting to be appointed in a public hospital for internship?,"My brother is a job holder in Detroit, he didnt got h1b visa, what's the solution for him to continue the job other than rejoining in a new college for a student visa?",0,paraphrase,synthetic_simple_paraphrase,enriched_dataset_full.csv,train,pending
94291,What should be censored on the internet and why?,Why is the Internet censored?,0,partial_overlap,Moderate lexical overlap (0.40).,ques_pairs.csv,train,pending
199446,How do I make the most of my time in a château?,How can I make the most of my time?,0,related_but_not_duplicate,High lexical overlap (0.62) but not marked as duplicate.,ques_pairs.csv,train,pending
aug-312739,Can JIO sim can be used with Motorola G (2nd gen)?,Is Moto G4 Plus worth buying?,0,paraphrase,synthetic_simple_paraphrase,enriched_dataset_full.csv,train,pending
153049,What are some of the best logic puzzle/brain teaser apps in the iOS store for an iPhone?,What is the best Indian railway app available in the iOS and Android app stores? Which gives reliable data?,0,unrelated,Low lexical overlap (0.17).,ques_pairs.csv,train,pending
20823,I came to know after 22 years that I am adopted. What should I do?,I came to know after 28 years that I am adopted. What should I do?,0,related_but_not_duplicate,High lexical overlap (0.86) but not marked as duplicate.,ques_pairs.csv,train,pending
218224,How do you ask someone you'd like to give them a blow job?,Is it ok to ask your wife to give a blow job?,0,partial_overlap,Moderate lexical overlap (0.33).,ques_pairs.csv,train,pending
393496,What is the best Charlie Chaplin book?,Which is the best movie of Charlie Chaplin?,0,partial_overlap,Moderate lexical overlap (0.50).,ques_pairs.csv,train,pending
249529,What individuals and events in history are a source of pride for Latvia?,What individuals and events in history are a source of pride for Australia?,0,related_but_not_duplicate,High lexical overlap (0.86) but not marked as duplicate.,ques_pairs.csv,train,pending
aug-146494,Which is the best career option after a 12th in humanities?,Which will be the best career options after 12th in 2017?,0,paraphrase,synthetic_simple_paraphrase,enriched_dataset_full.csv,train,pending
20858,What is it like to break up?,What has a break up taught you?,0,partial_overlap,Moderate lexical overlap (0.27).,ques_pairs.csv,train,pending
63265,Why am I pushing everyone away?,Why do I push everyone away?,1,related_but_not_duplicate,Duplicate label but weak lexical overlap (0.50).,ques_pairs.csv,train,pending
371617,How can I get a list of my Gmail accounts?,How do I get all the list registered to your gmail account?,1,related_but_not_duplicate,Duplicate label but weak lexical overlap (0.29).,ques_pairs.csv,train,pending
275473,How do you change page content and URL without reloading the whole page?,Can I pass a value from one HTML (or JavaScript) page to another HTML (or JavaScript) page without passing it in URL?,0,unrelated,Low lexical overlap (0.11).,ques_pairs.csv,train,pending
aug-284246,Is eating Mullet fish healthy?,Fish: Why do mullet jump?,0,paraphrase,synthetic_simple_paraphrase,enriched_dataset_full.csv,train,pending
347086,"If being a janitor paid more than white collar jobs, would you rather be a janitor?",What is meant by blue collar job or white collar job?,0,unrelated,Low lexical overlap (0.10).,ques_pairs.csv,train,pending
187843,Which is a good inpatient drug and alcohol rehab center near Butler County AL?,Which is a good inpatient drug and alcohol rehab center near Coffee County AL?,0,related_but_not_duplicate,High lexical overlap (0.87) but not marked as duplicate.,ques_pairs.csv,train,pending
aug-138474,Are suburban housing tracts simply modern slave shacks?,Are we slaves of our social norms?,0,paraphrase,synthetic_simple_paraphrase,enriched_dataset_full.csv,train,pending
aug-16509,How do I become a video game developer and good programmer?,How can i become a game developer?,1,paraphrase,synthetic_simple_paraphrase,enriched_dataset_full.csv,train,pending
aug-142943,How can I increase the traffic to a website?,How do I build traffic to my website?,1,paraphrase,synthetic_simple_paraphrase,enriched_dataset_full.csv,train,pending
aug-394866,which are some of the wittiest or scientifically intellectual pranks?,What song to use to lyric prank my best friend?,0,paraphrase,synthetic_simple_paraphrase,enriched_dataset_full.csv,train,pending
aug-95840,Where can I find best company of plaster of Paris in India?,Where can I find best plaster of Paris company in India?,1,paraphrase,synthetic_simple_paraphrase,enriched_dataset_full.csv,train,pending
82149,How can we meet to PM Narendra Modi?,How can I meet PM modi?,1,related_but_not_duplicate,Duplicate label but weak lexical overlap (0.56).,ques_pairs.csv,train,pending
aug-165382,How will the ban on Rs 500 and 1000 notes impact the Indian economy?,What are the benefits of ban on 500 and 1000 rupees note?,1,paraphrase,synthetic_simple_paraphrase,enriched_dataset_full.csv,train,pending
aug-273757,which is it like to work for Nokia Siemens Networks at the Bangalore location as a software engineer/senior software engineer?,Do software engineers prefer to work remotely?,0,paraphrase,synthetic_simple_paraphrase,enriched_dataset_full.csv,train,pending
aug-144694,Where can we find the best IFB Service Center in Hyderabad?,How can we find the best IFB service center in Hyderabad?,1,paraphrase,synthetic_simple_paraphrase,enriched_dataset_full.csv,train,pending
221119,What will be the impact of the step taken to ban the 500 & 1000 rupee note on Indian economy?,What are your views on India banning 500 and 1000 notes? In what way it will affect Indian economy?,1,related_but_not_duplicate,Duplicate label but weak lexical overlap (0.25).,ques_pairs.csv,train,pending
169050,Are there any cellphone applications for learning a language and talking to native speakers other than Hellotalk?,What is teachmenow.com?,0,unrelated,Low lexical overlap (0.00).,ques_pairs.csv,train,pending
308657,How do I write a proposal for data entry on upwork?,How do I make many in Upwork data entry and Web research?,0,partial_overlap,Moderate lexical overlap (0.35).,ques_pairs.csv,train,pending
aug-289977,in what way can I change connection of exhaust fan from 120v to 220v?,How many 3200 mA phone batteries can I charge at once via an usb charger connected to a 220v outlet?,0,paraphrase,synthetic_simple_paraphrase,enriched_dataset_full.csv,train,pending
aug-257205,in what way can I use Omegle on my iPod Touch and how is it compared to using Roundchat?,How can I use Omegle on my iPod Touch and how is it compared to using aFreeChat.com?,0,paraphrase,synthetic_simple_paraphrase,enriched_dataset_full.csv,train,pending
aug-124458,which exams does an architecture student from India need to give to join an M.Arch course abroad?,I would like to complete my M.Arch from abroad. What should I do going forward?,0,paraphrase,synthetic_simple_paraphrase,enriched_dataset_full.csv,train,pending
aug-112741,"Where can I get wide range of floor tile, wall tile and porcelain tiles in Sydney?",Where can I get huge selection of floor tiles in Sydney?,1,paraphrase,synthetic_simple_paraphrase,enriched_dataset_full.csv,train,pending
368349,Who reviews the undoubtably large amount of online job applications submitted to GSD&M's website?,"How long does it take to get a reply from JP Morgan, Goldman Sachs and Credit Suisse after you submit your application online?",0,unrelated,Low lexical overlap (0.05).,ques_pairs.csv,train,pending
223431,How does the ban on 500 and 1000 rupee notes helps to identify black money and corruption?,How does the latest decision of abolishing 500 and 1000 rupee notes help the Government curb corruption?,1,related_but_not_duplicate,Duplicate label but weak lexical overlap (0.39).,ques_pairs.csv,train,pending
aug-278922,Which is the best train from Bangalore to Chennai to travel?,Could I travel from Chennai to Guwahati in a 2S coach in train?,0,paraphrase,synthetic_simple_paraphrase,enriched_dataset_full.csv,train,pending
aug-61938,which is the most complex program written in the brainfuck language?,What programming languages are most apps written in?,0,paraphrase,synthetic_simple_paraphrase,enriched_dataset_full.csv,train,pending
aug-375679,Which is the best coaching institute for the GATE in Vishakapatnam (Vizag) for the EEE (electrical engineering) branch?,Which is the best coaching institute for Gate+IES in Delhi for Electrical Engineering?,0,paraphrase,synthetic_simple_paraphrase,enriched_dataset_full.csv,train,pending
281865,How do you start investing online in India?,How do you start investing online?,0,related_but_not_duplicate,High lexical overlap (0.75) but not marked as duplicate.,ques_pairs.csv,train,pending
360486,Why is rabbit meat considered to be white meat?,Why is white meat considered to be the better meat?,0,related_but_not_duplicate,High lexical overlap (0.70) but not marked as duplicate.,ques_pairs.csv,train,pending
171501,Where can I get very competitive prices & best quality Kids story books in Sydney?,Where can I get very affordable price for kids story books in Sydney?,1,related_but_not_duplicate,Duplicate label but weak lexical overlap (0.59).,ques_pairs.csv,train,pending
396290,What would be a good example of hedonism?,What is a good example for pure luck?,0,partial_overlap,Moderate lexical overlap (0.33).,ques_pairs.csv,train,pending
127036,What are the top web hosting services?,What are the best free web hosting services?,0,related_but_not_duplicate,High lexical overlap (0.67) but not marked as duplicate.,ques_pairs.csv,train,pending
326540,What are the unknown facts about Indian currency notes?,"What are unknown & interesting facts about Indian currency notes, which most us are not aware of?",1,related_but_not_duplicate,Duplicate label but weak lexical overlap (0.50).,ques_pairs.csv,train,pending
264888,Is it no coincidence that most of the worlds developed countries are in the Northern hemisphere?,How is AMT103 swift message elaborated?,0,unrelated,Low lexical overlap (0.05).,ques_pairs.csv,train,pending
aug-253974,Which is best college for BBA in INDIA?,Which is the best college in India for BBA?,1,paraphrase,synthetic_simple_paraphrase,enriched_dataset_full.csv,train,pending
68308,What is a voodoo doll?,How is a voodoo doll activated?,0,partial_overlap,Moderate lexical overlap (0.57).,ques_pairs.csv,train,pending
61238,What makes you a good role model?,Who do you think make good role models?,0,partial_overlap,Moderate lexical overlap (0.25).,ques_pairs.csv,train,pending
aug-197912,Do anti-virus companies also develop viruses/malwares?,Do anti-virus companies write viruses to create business for themselves?,1,paraphrase,synthetic_simple_paraphrase,enriched_dataset_full.csv,train,pending
aug-63243,15? at taller grow I Will,Will I grow any taller at 15?,1,paraphrase,synthetic_simple_paraphrase,enriched_dataset_full.csv,train,pending
283067,How do I hack a gmail or Facebook account?,How can I hack Facebook?,0,partial_overlap,Moderate lexical overlap (0.40).,ques_pairs.csv,train,pending
256382,What is the creepiest thing your parent has ever done?,What is the creepiest thing you've seen a baby do?,0,partial_overlap,Moderate lexical overlap (0.31).,ques_pairs.csv,train,pending
342192,What is the most important thing in one's life?,What do you think is the most important thing in life?,1,paraphrase,High lexical overlap (0.62) with duplicate label.,ques_pairs.csv,train,pending
153488,How can we increase confidence?,What should one do to increase confidence?,1,related_but_not_duplicate,Duplicate label but weak lexical overlap (0.20).,ques_pairs.csv,train,pending
aug-52840,How are the prime factors of 27 calculated?,"How can you calculate the prime factors of 21, and what is the mathematical importance of being able to do so?",0,paraphrase,synthetic_simple_paraphrase,enriched_dataset_full.csv,train,pending
259156,How can I memorize quickly?,How do I memorize stuff as my exams are coming?,1,related_but_not_duplicate,Duplicate label but weak lexical overlap (0.25).,ques_pairs.csv,train,pending
314496,What are some unexpected things first-time visitors to Hungary notice?,What are some unexpected things first-time visitors to Singapore notice?,0,related_but_not_duplicate,High lexical overlap (0.83) but not marked as duplicate.,ques_pairs.csv,train,pending
aug-149851,What happens if the next U.S. President resumes ban of Indian PM Modi’s entry to the U.S. due to his religional massacre when Modi was a CM?,"What happens if BJP wins the majority, but Modi is defeated in his constituencies? Would Modi still have a chance to be PM in such case?",0,paraphrase,synthetic_simple_paraphrase,enriched_dataset_full.csv,train,pending
269982,What do you regret in your career?,What is there to regret?,0,partial_overlap,Moderate lexical overlap (0.20).,ques_pairs.csv,train,pending
253076,What are some good restaurants in Nagpur?,Which is the best restaurent in nagpur?,1,related_but_not_duplicate,Duplicate label but weak lexical overlap (0.17).,ques_pairs.csv,train,pending
241476,How can you make yourself sneeze?,Why do scratchy blankets or sweaters make you sneeze?,0,partial_overlap,Moderate lexical overlap (0.25).,ques_pairs.csv,train,pending
77093,How do I get free Hulu?,How do you get a free Hulu account?,0,partial_overlap,Moderate lexical overlap (0.56).,ques_pairs.csv,train,pending
aug-316697,Can I open hero showroom in partnership?,"My Dad opened a new showroom. It is a gift shop, gift packing stuff. How can I help him in flourishing it?",0,paraphrase,synthetic_simple_paraphrase,enriched_dataset_full.csv,train,pending
aug-165844,in what way did Dr. B.R. Ambedkar wrote this big constitution of India?,How was Dr. B. R. Ambedkar chosen as the leader of the constituent assembly drafting the constitution of India? What is the story?,1,paraphrase,synthetic_simple_paraphrase,enriched_dataset_full.csv,train,pending
172846,Which American restaurant chains can be found in Norway? What do Norwegian people think of them? D,Which American restaurant chains can be found in Norway? What do Norwegian people think of them? C *,1,paraphrase,High lexical overlap (0.89) with duplicate label.,ques_pairs.csv,train,pending
aug-24855,I have heard that the oil sector is not doing very well in Bahrain. Is it true?,Which are best watch brands for formals?,0,paraphrase,synthetic_simple_paraphrase,enriched_dataset_full.csv,train,pending
314065,When will the anime Fairy Tail recommence?,When does Fairy Tail anime recommence?,1,paraphrase,High lexical overlap (0.62) with duplicate label.,ques_pairs.csv,train,pending
aug-259149,Are there featherless birds?,Are birds animals?,0,paraphrase,synthetic_simple_paraphrase,enriched_dataset_full.csv,train,pending
25979,Who is the coolest person in the world?,Who is the most coolest person in the world?,1,paraphrase,High lexical overlap (0.88) with duplicate label.,ques_pairs.csv,train,pending
aug-13680,which are some special cares for 10 weeks old Pit Bull puppies?,What are some special cares for a 5 week old Pit Bull puppy?,0,paraphrase,synthetic_simple_paraphrase,enriched_dataset_full.csv,train,pending
aug-176654,What is answer of this math question?,What is the answer to this math question?,0,paraphrase,synthetic_simple_paraphrase,enriched_dataset_full.csv,train,pending
309792,Which is your favourite character in Vir The Robot Boy cartoon series?,Which is your favourite character in Vir The Robot Boy series?,1,paraphrase,High lexical overlap (0.92) with duplicate label.,ques_pairs.csv,train,pending
391254,Which is the most used programming language in the world currently?,Which is the most used programming language in the world?,1,paraphrase,High lexical overlap (0.90) with duplicate label.,ques_pairs.csv,train,pending
aug-240028,How do I remotely access smart phone from laptop?,Is there a way to remotely access a mobile from another mobile phone?,0,paraphrase,synthetic_simple_paraphrase,enriched_dataset_full.csv,train,pending
aug-181926,Waste Management : Is it a good idea to start up a waste management firm in India ?,How can I create a business model where I can pay people for every kilogram of garbage they dump?,0,paraphrase,synthetic_simple_paraphrase,enriched_dataset_full.csv,train,pending
aug-283942,Is something wrong between the BBC and India?,Why does BBC publish more negative news about India?,1,paraphrase,synthetic_simple_paraphrase,enriched_dataset_full.csv,train,pending
aug-145534,Where can I get audiobooks for free in English?,Where can I find free audio books?,0,paraphrase,synthetic_simple_paraphrase,enriched_dataset_full.csv,train,pending
60536,Which is the best headphone under Rs. 2000?,What are the best headphones under Rs. 2000 in India?,1,related_but_not_duplicate,Duplicate label but weak lexical overlap (0.38).,ques_pairs.csv,train,pending
aug-353528,Can we use Jio sim in 3G phone?,How can I use Jio sim in 3G Micromax A102?,1,paraphrase,synthetic_simple_paraphrase,enriched_dataset_full.csv,train,pending
aug-125668,Do coal power plants produce 1000 times more energy than the coal they burn contains?,Do plants produce more oxygen than they use at night?,0,paraphrase,synthetic_simple_paraphrase,enriched_dataset_full.csv,train,pending
aug-338659,Wisconsin Football Live Stream | Watch Wisconsin Badgers Football Game Today Live Streaming Online?,Harvard Football Live Stream | Watch Harvard Crimson Football Game Today Live Streaming Online?,0,paraphrase,synthetic_simple_paraphrase,enriched_dataset_full.csv,train,pending
aug-40397,Can you determine how fast it will take to learn a skill?,How do I correct the police station name in passport application after the PSK appointment is already over and all documents have been submitted?,0,paraphrase,synthetic_simple_paraphrase,enriched_dataset_full.csv,train,pending
36252,How does a Bitcoin exchange work?,How do I buy Bitcoins with PayPal or Gift Cards?,0,unrelated,Low lexical overlap (0.07).,ques_pairs.csv,train,pending
321123,How do I change my password on Google?,How do I change my Google password?,1,paraphrase,High lexical overlap (0.88) with duplicate label.,ques_pairs.csv,train,pending
262767,I'm only a kid and wondering why highly intelligent Americans would want to vote for someone like Donald Trump?,Why would an intelligent person vote for Donald Trump?,1,related_but_not_duplicate,Duplicate label but weak lexical overlap (0.32).,ques_pairs.csv,train,pending
aug-12749,Does an executive MBA make sense when you already are an MBA from an Indian BSchool?,Does doing a PhD after an MBA make sense?,0,paraphrase,synthetic_simple_paraphrase,enriched_dataset_full.csv,train,pending
aug-285632,"How can the drive from Edmonton to Auckland be described, and in what way does the history of these cities compare and contrast?","How can the drive from Edmonton to Auckland be described, and how do these cities' attractions compare to those in Victoria?",1,paraphrase,synthetic_simple_paraphrase,enriched_dataset_full.csv,train,pending
228284,Where can I have paid sex in Mumbai?,Where can I find paid sex in Mumbai?,1,paraphrase,High lexical overlap (0.78) with duplicate label.,ques_pairs.csv,train,pending
aug-279470,which kind of leader was Abraham Lincoln?,Are there voice recordings of Abraham Lincoln?,0,paraphrase,synthetic_simple_paraphrase,enriched_dataset_full.csv,train,pending
aug-32972,Is there a relation between inflation and high currency denominations?,What is the purpose of health and safety executives?,0,paraphrase,synthetic_simple_paraphrase,enriched_dataset_full.csv,train,pending
76594,What makes pulsatile tinnitus so dangerous?,"In your opinion, who's the best well-written character in pop culture?",0,unrelated,Low lexical overlap (0.00).,ques_pairs.csv,train,pending
aug-224477,How can I improve my English communication skill?,How can I improve my English grammar?,0,paraphrase,synthetic_simple_paraphrase,enriched_dataset_full.csv,train,pending
aug-315393,What the best backend payment system for Django?,How can I learn about payment systems?,0,paraphrase,synthetic_simple_paraphrase,enriched_dataset_full.csv,train,pending
63288,How do I get the owner's details from the vehicle registration number in India?,"Can I buy a new car from Pune, Maharashtra and get RTO registration of Ahmedabad, Gujarat? If it is possible, what is the procedure and cost details.",0,unrelated,Low lexical overlap (0.18).,ques_pairs.csv,train,pending
aug-269667,"If all Amur Tigers suddenly died at once, which would it take to compete DNA database of them?",What is the cheesiest line you ever seen in a movie?,0,paraphrase,synthetic_simple_paraphrase,enriched_dataset_full.csv,train,pending
35639,Can the SSC CGL be cracked without coaching?,Can SSC CGL be cracked without coaching?,1,paraphrase,High lexical overlap (0.88) with duplicate label.,ques_pairs.csv,train,pending
374015,How are distilled water and purified water the same?,Is distilled water the same as purified water?,1,related_but_not_duplicate,Duplicate label but weak lexical overlap (0.50).,ques_pairs.csv,train,pending
89360,What are the most interesting and amazing facts you know?,What are the some interesting facts about pandas?,1,related_but_not_duplicate,Duplicate label but weak lexical overlap (0.38).,ques_pairs.csv,train,pending
165653,What are some famous stories about Swami Vivekananda?,Did Swami Vivekananda smoke Cannabis?,0,unrelated,Low lexical overlap (0.18).,ques_pairs.csv,train,pending
225398,My family needs me now but I feel nothing but personal depression. I want to move to a different country and start over. How to plan & make this work?,Should I be listening to metal with earphone/headphone in max volume?,0,unrelated,Low lexical overlap (0.06).,ques_pairs.csv,train,pending
292856,"Why does a galvanic cell's voltmeter reading become ""0.00V"" at chemical equilibrium?",Was this 19th century man Jewish?,0,unrelated,Low lexical overlap (0.00).,ques_pairs.csv,train,pending
aug-190126,What qualities should graduates have in order to survive in this competitive world?,How many colleges should one apply to in order to have the best chance of a quality education?,0,paraphrase,synthetic_simple_paraphrase,enriched_dataset_full.csv,train,pending
aug-266066,Which medical profession is paid most in Nepal?,Which medical profession is paid the most?,0,paraphrase,synthetic_simple_paraphrase,enriched_dataset_full.csv,train,pending
1471,What happens to a question on Quora if it is marked as needing further improvement?,"How can I ask Quora a question about something that was marked ""needs improvement?""?",1,related_but_not_duplicate,Duplicate label but weak lexical overlap (0.21).,ques_pairs.csv,train,pending
aug-28169,which happened in the Guantanamo bay prison?,What is Guantanamo Bay prison?,0,paraphrase,synthetic_simple_paraphrase,enriched_dataset_full.csv,train,pending
aug-225925,What is it like to have tattoos on your face?,What tattoos do you have?,0,paraphrase,synthetic_simple_paraphrase,enriched_dataset_full.csv,train,pending
aug-71405,What are some tips on making it through the job interview process at GB Minerals?,What is future after 10 year in software testing?,0,paraphrase,synthetic_simple_paraphrase,enriched_dataset_full.csv,train,pending
aug-390304,which is the difference between cache memory and primary memory? Where are these both stored.,What is difference between cache memory and main memory?,0,paraphrase,synthetic_simple_paraphrase,enriched_dataset_full.csv,train,pending
aug-64312,The Big Bang Theory (TV series): What would happen if Sheldon Cooper were to meet Phoebe Buffay?,What if Sheldon Cooper met Phoebe Buffay?,1,paraphrase,synthetic_simple_paraphrase,enriched_dataset_full.csv,train,pending
308539,What are the best songs for/by kids in Hindi movies?,Which are the best Hindi movie songs?,0,partial_overlap,Moderate lexical overlap (0.38).,ques_pairs.csv,train,pending
aug-356973,Why do Kurdish individuals hate the Turkish government?,Do majority of the Kurds support AKP?,0,paraphrase,synthetic_simple_paraphrase,enriched_dataset_full.csv,train,pending
133226,How does stock market work?,What is STOCK MARKET? How does it work?,1,paraphrase,High lexical overlap (0.62) with duplicate label.,ques_pairs.csv,train,pending
121371,Is there any possibility of more than one sun?,"Since there are many moons, is it possible that there is more than one Sun in the universe?",1,related_but_not_duplicate,Duplicate label but weak lexical overlap (0.32).,ques_pairs.csv,train,pending
aug-283908,Can my nightmares be connected to my stomach flu?,What films have given you nightmares?,0,paraphrase,synthetic_simple_paraphrase,enriched_dataset_full.csv,train,pending
aug-69406,How is it to work as a data scientist at AXA in Paris (France)?,I am working as a data scientist. Is data science and consulting relevant?,0,paraphrase,synthetic_simple_paraphrase,enriched_dataset_full.csv,train,pending
aug-254572,Did a man named Ernst Alexanderson make an antenna that could communicate instantly?,"When a measurement is performed on an entangle particle A, how does the other entangled particle B knows ""instantly"" that the identity of A is already revealed? What is that means of communication between the entangled particles A and B?",0,paraphrase,synthetic_simple_paraphrase,enriched_dataset_full.csv,train,pending
aug-44279,"Who really owns or is ""behind"" the Internet-only Ally Bank?",How does Ally bank offer higher rates than other online banks?,0,paraphrase,synthetic_simple_paraphrase,enriched_dataset_full.csv,train,pending
223536,What are some vampiric symbols?,"To you, what do vampires symbolize?",0,unrelated,Low lexical overlap (0.10).,ques_pairs.csv,train,pending
aug-172171,Are Muslims upset that Donald Trump will pursue a zero-tolerance policy against terrorism?,Why aren't Muslims more actively participating in the fight against Islamic terrorism?,0,paraphrase,synthetic_simple_paraphrase,enriched_dataset_full.csv,train,pending
178893,"In ElasticSearch JDBC river setup, how do I fix error ""java.sql.SQLException: No suitable driver found for mysql://...""?","What does the ""MySQL command not found"" error message mean? How do you fix such problem?",0,partial_overlap,Moderate lexical overlap (0.21).,ques_pairs.csv,train,pending
aug-319990,which is speed of electron?,What is the speed of an electron?,1,paraphrase,synthetic_simple_paraphrase,enriched_dataset_full.csv,train,pending
139344,"I have got 70% in CBSE board 2016, will I get admission in NIT college if I will get 200+ marks in JEE mains 2017?",I got 13 marks in the JEE Main & 85% in the CBSE Boards. Can I get any college?,0,partial_overlap,Moderate lexical overlap (0.31).,ques_pairs.csv,train,pending
80250,What is marketing strategy?,What is the marketing strategy of cars24?,0,partial_overlap,Moderate lexical overlap (0.57).,ques_pairs.csv,train,pending
371541,Which offshore company registration service has the maximum rating for training firms?,How credible are Rating companies (eg CRISIL) in India? What are the criteria used by such companies to rate a firm?,0,unrelated,Low lexical overlap (0.07).,ques_pairs.csv,train,pending
72004,Why do I hate myself for experiencing sexual and romantic attraction?,"For girls: Do you find a guy with a baby face attractive? . If so, sexually or romantically?",0,unrelated,Low lexical overlap (0.08).,ques_pairs.csv,train,pending
aug-143992,What will happen if oil is mixed with boiler feed water?,What is the purpose of the steam drum on a water tube boiler or a HRSG?,0,paraphrase,synthetic_simple_paraphrase,enriched_dataset_full.csv,train,pending
aug-32331,How can I come to know that this girl really likes me or not?,How can I come to know whether a girl likes me?,1,paraphrase,synthetic_simple_paraphrase,enriched_dataset_full.csv,train,pending
aug-198924,What’s the square root of -10?,What is the square root of 20?,0,paraphrase,synthetic_simple_paraphrase,enriched_dataset_full.csv,train,pending
136167,Did you ever have a dream while sleeping that changed your life?,How does a private investigator trace a missing person?,0,unrelated,Low lexical overlap (0.05).,ques_pairs.csv,train,pending
aug-354745,in what way do girls control their sexual desire in teenage years?,How can a 13 year old make a 13 year old girl hug him? (Not for any sexual needs)?,0,paraphrase,synthetic_simple_paraphrase,enriched_dataset_full.csv,train,pending
aug-214525,"What is the main difference between the different procurement platforms ThunderQuote, SAP Ariba and Coupa?",What is the difference between a businessman and an entrepreneur?,0,paraphrase,synthetic_simple_paraphrase,enriched_dataset_full.csv,train,pending
aug-156718,which are the advantages and disadvantages of buying a motorcycle vs. a car?,What are the advantages and disadvantages of lowering your car?,0,paraphrase,synthetic_simple_paraphrase,enriched_dataset_full.csv,train,pending
aug-264235,to? travel you do countries Which,Which is the country that I shouldn't travel in my life?,0,paraphrase,synthetic_simple_paraphrase,enriched_dataset_full.csv,train,pending
70160,"What is the next number in this sequence [math]2, 6,24,120?[/math]","What is the next number in the sequence: 5, 4, 5, 10, 33?",0,partial_overlap,Moderate lexical overlap (0.41).,ques_pairs.csv,train,pending
aug-261945,Which is the best smartphone to buy under 15k in India as of now?,Which is the best smartphone to buy under 7000 in India?,0,paraphrase,synthetic_simple_paraphrase,enriched_dataset_full.csv,train,pending
aug-382034,which are maximum well known jeans brands in Vietnam?,What are the most internationally well-known universities in Scandinavia?,0,paraphrase,synthetic_simple_paraphrase,enriched_dataset_full.csv,train,pending
116949,My laptop is stuck on ubuntu 16.04? My windows 8 is not working. What should I do? (check description),Did this girl really like me?,0,unrelated,Low lexical overlap (0.00).,ques_pairs.csv,train,pending
aug-156353,My friend keeps having someone put a symbol on his vehicle. It's a circle with a triangle in it. What could this symbol mean?,What does the circle in the triangle mean?,0,paraphrase,synthetic_simple_paraphrase,enriched_dataset_full.csv,train,pending
aug-70826,which are some ways to marinate steak overnight?,Is it safe to marinate steak overnight?,0,paraphrase,synthetic_simple_paraphrase,enriched_dataset_full.csv,train,pending
aug-172819,What is the maximum clean and beautiful city in the world?,What is the most beautiful city in the world?,0,paraphrase,synthetic_simple_paraphrase,enriched_dataset_full.csv,train,pending
aug-403979,Which blood group is a universal donor?,What is the definition of a universal blood donor and what is a universal blood recipient?,0,paraphrase,synthetic_simple_paraphrase,enriched_dataset_full.csv,train,pending
aug-30136,Is there any exercise which can improve the muscles around the collar bone? What is this muscle group called?,How do I improve body muscles?,0,paraphrase,synthetic_simple_paraphrase,enriched_dataset_full.csv,train,pending
264208,What exactly is the tension between Russia & US because of Russian involvement in Syria? Will there be a proxy war in future?,Is there a proxy war going in between Russia and US and its allies in Syria?,1,related_but_not_duplicate,Duplicate label but weak lexical overlap (0.40).,ques_pairs.csv,train,pending
aug-238127,which is meaning of happiness?,What is the meaning of happiness?,1,paraphrase,synthetic_simple_paraphrase,enriched_dataset_full.csv,train,pending
aug-99313,which are the differences between the double and float data types?,"What is the difference among float, double and decimal data types? And how do you decide which one to use?",0,paraphrase,synthetic_simple_paraphrase,enriched_dataset_full.csv,train,pending
313537,Who is interested in getting alternative medicine?,What's a good book for someone who doesn't know anything about medicine to get interested in medicine?,0,unrelated,Low lexical overlap (0.19).,ques_pairs.csv,train,pending
aug-160140,How would a magnetic differ in resemblence of an electrical magnetic field?,How do electric and magnetic fields differ by themselves?,1,paraphrase,synthetic_simple_paraphrase,enriched_dataset_full.csv,train,pending
aug-360285,Which are the best universities in Germany for a Masters in Finance?,Which are the best universities in Germany for getting a degree in mechanical engineering?,0,paraphrase,synthetic_simple_paraphrase,enriched_dataset_full.csv,train,pending
aug-203453,I don't want my cat to get pregnant again. which do you think of giving her a tubal ligation for cats after giving birth? Is it necessary?,How do you help a cat give birth?,0,paraphrase,synthetic_simple_paraphrase,enriched_dataset_full.csv,train,pending
173238,What is the oldest Uno agency?,Who is the chairman of UNO?,0,partial_overlap,Moderate lexical overlap (0.33).,ques_pairs.csv,train,pending
58388,What are the key differences between debt and equity?,I'm in a lot of debt and a few other problems that make life hard here. Can I just bug out to another country?,0,unrelated,Low lexical overlap (0.07).,ques_pairs.csv,train,pending
aug-4484,What do you do if you're falling asleep at work?,My sister has a weird habit of falling asleep at work. What should she do?,1,paraphrase,synthetic_simple_paraphrase,enriched_dataset_full.csv,train,pending
167061,Why do police officers (and other law enforcement) in the USA engage and arrest minorities more than Caucasians?,"Do police officers choose their precincts? If so, what are some factors that might make one precinct more desirable than others?",0,unrelated,Low lexical overlap (0.15).,ques_pairs.csv,train,pending
aug-49660,Why is Donald Trump still 'ducking' his income tax return issue?,Why is Trump refusing to release his tax return?,1,paraphrase,synthetic_simple_paraphrase,enriched_dataset_full.csv,train,pending
aug-23299,How is the ISRO interview for the post of Scientist/Engineer 'SC' (instrumentation)?,How is the ISRO interview for the post of Scientist/Engineer 'SC' (computer)?,0,paraphrase,synthetic_simple_paraphrase,enriched_dataset_full.csv,train,pending
7006,How would you use MDMA to self treat PTSD?,Has MDMA been used to treat depression?,0,partial_overlap,Moderate lexical overlap (0.23).,ques_pairs.csv,train,pending
102499,What is a good inpatient drug and alcohol rehab center in Hickman County KY?,Which is a good inpatient drug and alcohol rehab center in Martin County KY?,0,related_but_not_duplicate,High lexical overlap (0.75) but not marked as duplicate.,ques_pairs.csv,train,pending
aug-155869,Which one of the numbers does not belong in the following series? 2 - 3 - 6 - 7 - 8 - 14 - 15 – 30,Could you analyze this list of numbers:1-6-1-8-0-3-3-( number is obscured appears to be a 9)-8-8-7-4-9-8-9-14-11-9-4?,0,paraphrase,synthetic_simple_paraphrase,enriched_dataset_full.csv,train,pending
59572,How much is usa.care domain name worth?,How much is domain name usa.care worth?,1,paraphrase,High lexical overlap (1.00) with duplicate label.,ques_pairs.csv,train,pending
aug-209617,When will Indians learn to respect women and stop domestic violence against women?,How can we end violence against women?,1,paraphrase,synthetic_simple_paraphrase,enriched_dataset_full.csv,train,pending
329603,Which is a more important question: ‘Why?’ or ‘How?’,"What is more important ""HOW"" or ""WHY""?",1,paraphrase,High lexical overlap (0.60) with duplicate label.,ques_pairs.csv,train,pending
aug-198752,which career advice would you give to someone who wants to become a accountant?,What career advice would you give to someone who wants to become a financial advisor?,0,paraphrase,synthetic_simple_paraphrase,enriched_dataset_full.csv,train,pending
aug-148389,What is the most symmetrical building in history?,"Which field an engineer with an IT job extremely interested in speaking, presenting, writing as well as coding choose for masters? MBA or M.Tech?",0,paraphrase,synthetic_simple_paraphrase,enriched_dataset_full.csv,train,pending
374908,Why do you like living in Scotland?,What's it like to live in Scotland?,0,partial_overlap,Moderate lexical overlap (0.25).,ques_pairs.csv,train,pending
385404,Who is the father of my baby?,Is status quo of boundaries in the Middle East feasible?,0,partial_overlap,Moderate lexical overlap (0.21).,ques_pairs.csv,train,pending
402776,What is difference between money market and capital market?,What is the DJIA market capitalization?,0,partial_overlap,Moderate lexical overlap (0.27).,ques_pairs.csv,train,pending
aug-276064,I want to buy a bike pulsar 150 or unicorn…which one good suggest me?,Is an Uber driver in California liable if passengers are not wearing seat belts and there is a crash and they are injured/killed?,0,paraphrase,synthetic_simple_paraphrase,enriched_dataset_full.csv,train,pending
82373,What are the best coaching centres for GRE/TOEFL in Chennai? Why?,Does SSN chennai provide coaching for GRE?,0,partial_overlap,Moderate lexical overlap (0.27).,ques_pairs.csv,train,pending
335837,"What does ""Processed Through Sort Facility"" mean for USPS?",How fast is USPS mail?,0,unrelated,Low lexical overlap (0.08).,ques_pairs.csv,train,pending
63267,When is the Singularity going to happen?,Why isn't the singularity going to happen?,0,partial_overlap,Moderate lexical overlap (0.50).,ques_pairs.csv,train,pending
30842,What is peer-to-peer insurance?,What is peer to peer communication?,0,related_but_not_duplicate,High lexical overlap (0.67) but not marked as duplicate.,ques_pairs.csv,train,pending
161671,How important is Arya Stark?,"Why is it that so many people have risked everything for Arya Stark, just how important is she?",1,related_but_not_duplicate,Duplicate label but weak lexical overlap (0.29).,ques_pairs.csv,train,pending
31959,How many businesses in India have a website?,How many businesses in India which don't have a website?,0,related_but_not_duplicate,High lexical overlap (0.73) but not marked as duplicate.,ques_pairs.csv,train,pending
60903,Write a letter to principal about my daughter to anyone comes to meet her?,how can I control DC motor(12v) forward reverse and stop from 230v supply?,0,unrelated,Low lexical overlap (0.00).,ques_pairs.csv,train,pending
aug-81943,What is the shelf life of raisins?,What is the shelf life of butter?,0,paraphrase,synthetic_simple_paraphrase,enriched_dataset_full.csv,train,pending
aug-18859,in what way do I transfer a stamp from one piece of paper onto another?,How many pieces of paper have you bought at one time?,0,paraphrase,synthetic_simple_paraphrase,enriched_dataset_full.csv,train,pending
53766,Why do Indian girls and women have abdomens that appear to lack muscle tone?,Indian Young Women: How it is to be a nonvirgin girl in India at the age of 21?,0,unrelated,Low lexical overlap (0.10).,ques_pairs.csv,train,pending
aug-205241,in what way do fitness models make money on Instagram?,How much money do Instagram fitness models make?,0,paraphrase,synthetic_simple_paraphrase,enriched_dataset_full.csv,train,pending
22053,Humans and bananas share 50% of their DNA. What does this common DNA do?,Does banana having nearly 50% of DNA with human make it more nutritious?,0,unrelated,Low lexical overlap (0.18).,ques_pairs.csv,train,pending
aug-387078,Why do I get a headache from leaving my hair wet after a shower?,I left my hair wet after getting out of the pool and now I have a headache and my stomachs hurting a bit. What is this and how do I fix it?,0,paraphrase,synthetic_simple_paraphrase,enriched_dataset_full.csv,train,pending
248737,"According to the concept of limit state design as per IS 456:2000 , the probability of failure of a structure is?",Is economics the most critical factor in state failure?,0,unrelated,Low lexical overlap (0.18).,ques_pairs.csv,train,pending
148963,"I'm female was born on 13th June 1991 at 01:10P.M. in Kamareddy, Nizambad district of Telangana. What are the astrological predictions obtained?",Personal astrology predictions: I'm a female born on 10th November 1995. Can you please analyze my birth chart?,0,unrelated,Low lexical overlap (0.16).,ques_pairs.csv,train,pending
372210,I am a 17-year-old. Can I apply for a PAN card?,What are the essentials to apply for PAN Card?,0,partial_overlap,Moderate lexical overlap (0.25).,ques_pairs.csv,train,pending
aug-283185,"What does Tyler Durden mean when he says ""you are all singing, all dancing crap of the world"" in Fight Club?","What does the statement ""You are the all singing, all dancing crap of the world."" from the movie Fight Club mean?",1,paraphrase,synthetic_simple_paraphrase,enriched_dataset_full.csv,train,pending
287278,Instagram: is using too much hashtags vulgar?,Can you see who views your Instagram?,0,unrelated,Low lexical overlap (0.08).,ques_pairs.csv,train,pending
aug-391406,What is the majority effective essential oil blend (aromatherapy synergy) used in a massage oil for insomnia?,What is the most effective essential oil blend (aromatherapy synergy) for use in massage oil for sore muscles?,0,paraphrase,synthetic_simple_paraphrase,enriched_dataset_full.csv,train,pending
96574,How can you see who voted on your Twitter polls?,How do you vote multiple times on an online poll or contest?,0,unrelated,Low lexical overlap (0.16).,ques_pairs.csv,train,pending
aug-74767,What are some interesting YouTube channels?,What are some best YouTube channels?,1,paraphrase,synthetic_simple_paraphrase,enriched_dataset_full.csv,train,pending
317587,How do you get a cursive font on Microsoft?,"What is the font used on Microsoft websites? Can someone use that font for its own website? If yes, how can he get it?",0,unrelated,Low lexical overlap (0.19).,ques_pairs.csv,train,pending
46203,How can I smartly cut myself?,Why do I scratch/cut myself?,0,partial_overlap,Moderate lexical overlap (0.33).,ques_pairs.csv,train,pending
aug-264117,How do I post something on Quora?,How do I post something in Quora?,1,paraphrase,synthetic_simple_paraphrase,enriched_dataset_full.csv,train,pending
293871,Where can I find some of the best SEO services in India?,What are the best SEO service companies in India?,1,related_but_not_duplicate,Duplicate label but weak lexical overlap (0.31).,ques_pairs.csv,train,pending
390334,Which is the best institute provide digital marketing courses and placement in pune?,Which is the best digital marketing course?,0,partial_overlap,Moderate lexical overlap (0.43).,ques_pairs.csv,train,pending
83572,Why do some people bully others? Why some of them have pleasure on bullying others?,Why do some adults like to bully others?,1,related_but_not_duplicate,Duplicate label but weak lexical overlap (0.33).,ques_pairs.csv,train,pending
386030,What is the difference between a plunger and a piston?,What is the difference between a piston and plunge pump?,1,paraphrase,High lexical overlap (0.73) with duplicate label.,ques_pairs.csv,train,pending
aug-292773,What would be the possible impact on Indian economy after cancellation of 500 and 1000 Rs notes?,What can be the possible effects of removing 500 and 1000 rupee currency notes?,1,paraphrase,synthetic_simple_paraphrase,enriched_dataset_full.csv,train,pending
269853,"What is meant by set piece goals, and which player is expert in it?",How do I set my goals for day?,0,unrelated,Low lexical overlap (0.11).,ques_pairs.csv,train,pending
aug-9987,How do I come out to my family and friends?,How do I come out to my friends?,1,paraphrase,synthetic_simple_paraphrase,enriched_dataset_full.csv,train,pending
aug-204589,How are Corn Nuts made?,How are Corn Nuts (corn gone wrong) made?,1,paraphrase,synthetic_simple_paraphrase,enriched_dataset_full.csv,train,pending
aug-223563,What are some tips on making it through the job interview process at Anworth Mortgage?,Why developers leave cheat codes active in GTA game?,0,paraphrase,synthetic_simple_paraphrase,enriched_dataset_full.csv,train,pending
aug-54058,What are some good spirituality/meditation apps?,What are the Best Meditation Apps?,1,paraphrase,synthetic_simple_paraphrase,enriched_dataset_full.csv,train,pending
342067,Which brand is best for essential oils in india? Soulflower or aroma treasures?,Which are the best hair oils in India for women?,0,partial_overlap,Moderate lexical overlap (0.35).,ques_pairs.csv,train,pending
36611,Why does Han Solo die?,[SPOILER] Why was a main character in Star Wars killed off? Is there a chance of him coming back?,0,unrelated,Low lexical overlap (0.05).,ques_pairs.csv,train,pending
348930,What is the best way to learn Algorithm?,What is the best way to learn algorithms by yourself?,0,related_but_not_duplicate,High lexical overlap (0.64) but not marked as duplicate.,ques_pairs.csv,train,pending
291450,Will China start a war in the South China Sea?,Would China actually go to war over the South China Sea?,1,related_but_not_duplicate,Duplicate label but weak lexical overlap (0.36).,ques_pairs.csv,train,pending
306601,What is the first step in socialization?,What should be my first step?,0,partial_overlap,Moderate lexical overlap (0.30).,ques_pairs.csv,train,pending
117576,"What does Hillary Clinton think about trade with China, Mexico, and other countries? Is the U.S. being treated unfairly? Should tariffs be levied?",What does Hillary Clinton think of free trade?,0,partial_overlap,Moderate lexical overlap (0.23).,ques_pairs.csv,train,pending
aug-25394,What should I do when date of birth different in birth certificate and other all education certificate same dob. how can I apply for fresh passport?,"Hi all, I would like to know how to get passport when my birth certificate has a different year and all my other certificate has different year?",1,paraphrase,synthetic_simple_paraphrase,enriched_dataset_full.csv,train,pending
22855,What is the best site for cam sex?,Which are the best online free sex chat sites?,0,partial_overlap,Moderate lexical overlap (0.21).,ques_pairs.csv,train,pending
234496,What is some advice for cracking the CAT?,What are some tips for cracking the CAT?,1,paraphrase,High lexical overlap (0.60) with duplicate label.,ques_pairs.csv,train,pending
aug-1764,Can most young people in Spain communicate in English fluently?,Can most young people in Italy communicate in English fluently?,0,paraphrase,synthetic_simple_paraphrase,enriched_dataset_full.csv,train,pending
160652,What is the most embarrassing moment of a teacher in front of you?,What was your most embarrassing moment in front of a doctor?,0,partial_overlap,Moderate lexical overlap (0.53).,ques_pairs.csv,train,pending
aug-396383,in what way can the Reverse Flash take Barry back to the Joe's place in season 2 ending if he lost his powers after killing Nora Allen?,How can I make anonymous PayPal account for donations? I want to make PayPal.me but it shows my name.,0,paraphrase,synthetic_simple_paraphrase,enriched_dataset_full.csv,train,pending
125132,What are the best laptops to buy within Rs.30000 or $485 and why?,Which is the best laptop model to buy within 30k?,1,related_but_not_duplicate,Duplicate label but weak lexical overlap (0.26).,ques_pairs.csv,train,pending
aug-316703,How do you clean a dog's teeth?,How do I brush my dog's teeth?,0,paraphrase,synthetic_simple_paraphrase,enriched_dataset_full.csv,train,pending
aug-160267,you? are sexist How Sexism:,How can you look at someone's private Instagram account without following them?,0,paraphrase,synthetic_simple_paraphrase,enriched_dataset_full.csv,train,pending
aug-149350,Which are the best colleges for electrical engineering?,What are the best colleges for Electrical Engineering?,1,paraphrase,synthetic_simple_paraphrase,enriched_dataset_full.csv,train,pending
aug-284456,What makes India different from the rest of the world?,What makes us Indians different from rest of the world?,1,paraphrase,synthetic_simple_paraphrase,enriched_dataset_full.csv,train,pending
aug-366885,MOCK? CL take students many How,My percentile in CL mocks is around 90-92. Is it possible for me to get 99.5+ in CAT?,0,paraphrase,synthetic_simple_paraphrase,enriched_dataset_full.csv,train,pending
94165,What is whipped cream?,How was whipped cream in a can invented?,0,partial_overlap,Moderate lexical overlap (0.20).,ques_pairs.csv,train,pending
18107,What are the best way to improve problem solving skills?,How can I improve me problem solving skills?,1,related_but_not_duplicate,Duplicate label but weak lexical overlap (0.29).,ques_pairs.csv,train,pending
aug-205213,Do you gain weight after losing your virginity?,After losing 46 pounds I am obsessed with trying not to gain weight. My parents are worried for me and think that I'm too skinny. How can I maintain my weight without gaining?,0,paraphrase,synthetic_simple_paraphrase,enriched_dataset_full.csv,train,pending
aug-252679,which good vs. bad habits have expats picked up after coming to Malaysia?,What good vs. bad habits have expats picked up after coming to Singapore?,0,paraphrase,synthetic_simple_paraphrase,enriched_dataset_full.csv,train,pending
403293,Is India still a British dominion?,"What is the difference between dependence, dominion, and sovereignty in regards to India?",0,unrelated,Low lexical overlap (0.19).,ques_pairs.csv,train,pending
138150,What are the best hair oils in India for preventing hair loss?,Which are the best hair oils in India for women?,0,related_but_not_duplicate,High lexical overlap (0.62) but not marked as duplicate.,ques_pairs.csv,train,pending
88794,What is the difference between a Bar code and a QR Code?,What are the differences between bar codes and qr code?,1,related_but_not_duplicate,Duplicate label but weak lexical overlap (0.54).,ques_pairs.csv,train,pending
337599,Which can be the best laptop under 30000?,Which laptop is best to buy within the range of 30000rs?,1,related_but_not_duplicate,Duplicate label but weak lexical overlap (0.27).,ques_pairs.csv,train,pending
342045,How did Dumbledore know Draco will kill him?,How did Dumbledore know that Draco was planning on murdering him?,1,related_but_not_duplicate,Duplicate label but weak lexical overlap (0.46).,ques_pairs.csv,train,pending
aug-359265,Why do races always run in a counterclockwise direction?,Why would we run around the track counterclockwise?,0,paraphrase,synthetic_simple_paraphrase,enriched_dataset_full.csv,train,pending
136390,Where is Sonia Gandhi?,Who is Sonia Gandhi?,0,related_but_not_duplicate,High lexical overlap (0.60) but not marked as duplicate.,ques_pairs.csv,train,pending
30913,Who are the top FEA service providers that provide accurate handling analysis services globally?,Who are the top FEA service providers that provide accurate modal analysis services globally?,1,paraphrase,High lexical overlap (0.87) with duplicate label.,ques_pairs.csv,train,pending
aug-296728,What are some mind-blowing mobile tools that exist that most people don't know about?,What are some mind-blowing phones accessories that exist that most people don't know about?,1,paraphrase,synthetic_simple_paraphrase,enriched_dataset_full.csv,train,pending
aug-224716,Which is a better city to live in: Brisbane or Melbourne?,What's it like to live in Melbourne?,0,paraphrase,synthetic_simple_paraphrase,enriched_dataset_full.csv,train,pending
aug-122013,What should I do if the pilot passes out and I (with no flight training) have to land the plane?,"In a two seater combat aircraft if one of the pilots ejects, can the the other pilot continue flight and land safely?",0,paraphrase,synthetic_simple_paraphrase,enriched_dataset_full.csv,train,pending
aug-21498,How can I understand Thermodynamics intuitively?,What is meant by thermodynamics?,0,paraphrase,synthetic_simple_paraphrase,enriched_dataset_full.csv,train,pending
aug-106149,What is the Elephants Foot and what risks does it pose?,H? What documents are reqiured for gamusta license in Navi Mumbai on rented base home,0,paraphrase,synthetic_simple_paraphrase,enriched_dataset_full.csv,train,pending
aug-115528,How would you describe a sunset?,What is sunset?,1,paraphrase,synthetic_simple_paraphrase,enriched_dataset_full.csv,train,pending
aug-147777,What is the name of this man?,What is the name of the man in this photo?,0,paraphrase,synthetic_simple_paraphrase,enriched_dataset_full.csv,train,pending
186353,Can I receive a Chevening Scholarship with a second class lower degree (3.06 out of 5) at undergraduate level?,Are there scholarships available for engineering students with second class lower?,0,unrelated,Low lexical overlap (0.15).,ques_pairs.csv,train,pending
aug-126308,in what way should I know if this girl likes me or not?,How can I know a girl likes me if I don't see her that often?,0,paraphrase,synthetic_simple_paraphrase,enriched_dataset_full.csv,train,pending
26339,Why should I become an IAS officer?,Why shouldn't I become an IAS officer?,0,related_but_not_duplicate,High lexical overlap (0.67) but not marked as duplicate.,ques_pairs.csv,train,pending
19454,What is the greatest act of kindness you have ever witnessed?,What is the most touching act of kindness you have ever witnessed?,1,paraphrase,High lexical overlap (0.77) with duplicate label.,ques_pairs.csv,train,pending
aug-333573,in what way INSTAGRAM account automatically gets unprivate?,How can you look at someone's private Instagram account without following them?,0,paraphrase,synthetic_simple_paraphrase,enriched_dataset_full.csv,train,pending
268613,What happens when a girl takes estrogen?,"What happened to Twinkle Dwivedi, the girl who cries blood? Is it really a hoax?",0,unrelated,Low lexical overlap (0.16).,ques_pairs.csv,train,pending
aug-125748,What was your most embarrassing moment on Quora?,What are the most embarrassing moments?,0,paraphrase,synthetic_simple_paraphrase,enriched_dataset_full.csv,train,pending
aug-72150,Is it actually possible to travel through time?,Will time travel be possible in the next 10 years?,1,paraphrase,synthetic_simple_paraphrase,enriched_dataset_full.csv,train,pending
340519,What does your hometown produce? What does it grow?,How long does it take to get from your hometown from Delhi?,0,partial_overlap,Moderate lexical overlap (0.29).,ques_pairs.csv,train,pending
192555,Who were the Vikings?,Who were the Vikings? Why were they successful raiders?,1,related_but_not_duplicate,Duplicate label but weak lexical overlap (0.50).,ques_pairs.csv,train,pending
363161,How can I get started with Mathematica?,How do you get started using Mathematica?,1,related_but_not_duplicate,Duplicate label but weak lexical overlap (0.40).,ques_pairs.csv,train,pending
365020,Why aren't the barrels of pistols rifled?,Why don’t police officers use rifles?,0,unrelated,Low lexical overlap (0.15).,ques_pairs.csv,train,pending
aug-137732,How can I check my Verizon text messages from my browser?,How can I view Verizon text messages online?,1,paraphrase,synthetic_simple_paraphrase,enriched_dataset_full.csv,train,pending
24110,Is it okay to have feelings towards your cousin sister?,I find my cousin attractive. Is this normal or am I just extremely messed up?,0,unrelated,Low lexical overlap (0.09).,ques_pairs.csv,train,pending
aug-199801,What's the best Minecraft modding tutorial?,How do people make minecraft mods?,0,paraphrase,synthetic_simple_paraphrase,enriched_dataset_full.csv,train,pending
110564,What is the best budget Android smartphone under 8000?,What is the best Android smartphone under $400?,0,related_but_not_duplicate,High lexical overlap (0.70) but not marked as duplicate.,ques_pairs.csv,train,pending
210782,How do I speak English fluently in half a year?,How To speak English Fluently ?,1,related_but_not_duplicate,Duplicate label but weak lexical overlap (0.36).,ques_pairs.csv,train,pending
268214,What uncomfortable things (such as cold showers) can improve your life?,What uncomfortable things such as cold showers can improve your life?,1,exact_duplicate,Questions are textually identical after normalization.,ques_pairs.csv,train,pending
aug-270549,Which phone is best to buy under 15k?,Which are best mobile phones to buy under 15000?,1,paraphrase,synthetic_simple_paraphrase,enriched_dataset_full.csv,train,pending
87658,How do I improve my speaking?,How can I improve my public speaking skills?,1,related_but_not_duplicate,Duplicate label but weak lexical overlap (0.56).,ques_pairs.csv,train,pending
aug-270508,How can I find out where somebody is by their phone number?,Can you find someone by their phone number?,0,paraphrase,synthetic_simple_paraphrase,enriched_dataset_full.csv,train,pending
aug-199339,From where to buy an imported iphone in delhi?,How can pseudoephedrine help obtain energy?,0,paraphrase,synthetic_simple_paraphrase,enriched_dataset_full.csv,train,pending
101242,Why did Donald Trump want to be president?,Why does Donald Trump want to become president?,1,paraphrase,High lexical overlap (0.60) with duplicate label.,ques_pairs.csv,train,pending
aug-208136,which are the qualities of a charming personality?,What are the qualities of a rich personality?,0,paraphrase,synthetic_simple_paraphrase,enriched_dataset_full.csv,train,pending
aug-216766,Which are the best places in Goa to visit alone?,What are the places in Goa to visit?,1,paraphrase,synthetic_simple_paraphrase,enriched_dataset_full.csv,train,pending
84812,"I hate being single, but I need some me time. How do I achieve it?",I hate relationship after a bad situation with a guy. Will I regret being single?,0,unrelated,Low lexical overlap (0.18).,ques_pairs.csv,train,pending
81434,Why is there something like a cloud when a plane breaks a sound barrier?,What is the white smoke behind a vehicle when it breaks the sound barrier?,1,related_but_not_duplicate,Duplicate label but weak lexical overlap (0.32).,ques_pairs.csv,train,pending
289822,What is the English word for फ़जेती?,"What is the English word for ""Kalkandu""?",0,related_but_not_duplicate,High lexical overlap (0.67) but not marked as duplicate.,ques_pairs.csv,train,pending
aug-400226,Why do people like sad movies?,Why do some happy people love sad music and sad movies?,0,paraphrase,synthetic_simple_paraphrase,enriched_dataset_full.csv,train,pending
60685,How will Donald Trump's presidency affect international students?,What effect will Donald Trump's victory have on international students looking to study in USA?,1,related_but_not_duplicate,Duplicate label but weak lexical overlap (0.32).,ques_pairs.csv,train,pending
96794,Can someone give detailed analysis of Rao IIT academy and m prakash academy in Pune?,From which site d c Pandey mechanics 2 PDF could be download?,0,unrelated,Low lexical overlap (0.00).,ques_pairs.csv,train,pending
aug-161429,What do I talk about at a 1-hour meeting with the CEO and leadership of a $1 billion company?,What makes Russia and USA rivals?,0,paraphrase,synthetic_simple_paraphrase,enriched_dataset_full.csv,train,pending
aug-334763,Is ISI better than RAW?,What makes ISI better than RAW?,1,paraphrase,synthetic_simple_paraphrase,enriched_dataset_full.csv,train,pending
100755,What is your concept of time?,What is time concept?,0,related_but_not_duplicate,High lexical overlap (0.67) but not marked as duplicate.,ques_pairs.csv,train,pending
aug-193679,How should I improve my english communication skills?,How can I improve my communication skills in English?,1,paraphrase,synthetic_simple_paraphrase,enriched_dataset_full.csv,train,pending
aug-59433,What are the happiest moments in your life?,What is the most happiest moment in life?,0,paraphrase,synthetic_simple_paraphrase,enriched_dataset_full.csv,train,pending
281027,"If I burn a Rs. 1000 note, how does it affect the country?",If I burn the ₹500 note then how will it affect the India's GDP?,1,related_but_not_duplicate,Duplicate label but weak lexical overlap (0.42).,ques_pairs.csv,train,pending
aug-276015,There is this girl I like.I think she likes me too.I asked her if she'll be my girlfriend and she has no problems except one.That I've got a job in a different nation I've got to go there.But I really want this to work. which do I do?,Why don't we end up with our soul mates?,0,paraphrase,synthetic_simple_paraphrase,enriched_dataset_full.csv,train,pending
aug-101011,in what way will the black money be affected reserved in foreign banks by banning 500 and 1000 Rs. Note?,How black money will be affected by discontinuing rs 500 and 1000 notes?,1,paraphrase,synthetic_simple_paraphrase,enriched_dataset_full.csv,train,pending
aug-173882,in what way much does a quarter of meth weigh without the baggie?,How much should I charge for a quarter ounce of meth?,0,paraphrase,synthetic_simple_paraphrase,enriched_dataset_full.csv,train,pending
aug-401339,What is a good inpatient drug and alcohol rehab center in Person County NC?,What is a good inpatient drug and alcohol rehab center in Lincoln County NC?,0,paraphrase,synthetic_simple_paraphrase,enriched_dataset_full.csv,train,pending
276312,Where or what is the strangest place you have ever had sex?,Where is the oddest place you've had sex?,1,related_but_not_duplicate,Duplicate label but weak lexical overlap (0.50).,ques_pairs.csv,train,pending
378033,What are the routines of the cat?,What are C routines?,0,partial_overlap,Moderate lexical overlap (0.43).,ques_pairs.csv,train,pending
aug-307865,Which bike is better Bajaj Pulsar 220F or TVS Apache rtr 200 4v for highway Riding?,What is the best way to get a man intriged with me without looking desperate?,0,paraphrase,synthetic_simple_paraphrase,enriched_dataset_full.csv,train,pending
341088,What is the best question one has ever come across in Quora?,What was the best Quora question ever?,1,related_but_not_duplicate,Duplicate label but weak lexical overlap (0.46).,ques_pairs.csv,train,pending
aug-258725,How did you find a good job?,How do I get good job?,1,paraphrase,synthetic_simple_paraphrase,enriched_dataset_full.csv,train,pending
aug-12954,What hardware was Super Mario Bros. developed on?,With what language was Super Mario Run developed?,0,paraphrase,synthetic_simple_paraphrase,enriched_dataset_full.csv,train,pending
144581,What are the advantages and disadvantages of nuclear power?,What are the advantages of nuclear energy? What are the disadvantages?,1,paraphrase,High lexical overlap (0.70) with duplicate label.,ques_pairs.csv,train,pending
aug-262289,in what way do you improve your mind?,How can I improve my mind?,1,paraphrase,synthetic_simple_paraphrase,enriched_dataset_full.csv,train,pending
313968,Which algorithm seems to be most complex but is actually very simple?,Which algorithm seems to be very simple but is very complex?,0,related_but_not_duplicate,High lexical overlap (0.83) but not marked as duplicate.,ques_pairs.csv,train,pending
aug-260113,Which company has the best image recognition APIs in the market place today?,"What is the best place/venue API to use for a service, and why?",0,paraphrase,synthetic_simple_paraphrase,enriched_dataset_full.csv,train,pending
65833,What are some good universities for computer science around the world?,Which are some of the good colleges for bsc computer science?,1,related_but_not_duplicate,Duplicate label but weak lexical overlap (0.47).,ques_pairs.csv,train,pending
77232,How did the Commercial Revolution impact Europe's economy?,Where were the Industrial Revolution's impacts on culture?,0,partial_overlap,Moderate lexical overlap (0.20).,ques_pairs.csv,train,pending
aug-57479,Why has Arnab Goswami resigned from Times Now?,Why is Arnab Goswami resigned as the Editor-in Chief of Times Now and ET Now?,1,paraphrase,synthetic_simple_paraphrase,enriched_dataset_full.csv,train,pending
379598,What do you think is the best way to buy a car?,How do I buy a car?,0,partial_overlap,Moderate lexical overlap (0.29).,ques_pairs.csv,train,pending
37607,How can I see the delete message of viber?,"How can I recover Viber messages on PC? They were deleted from the phone, and not from the PC.",0,partial_overlap,Moderate lexical overlap (0.25).,ques_pairs.csv,train,pending
301288,If speed of light is the fastest then how it is measured?,How was speed of light calculated?,1,related_but_not_duplicate,Duplicate label but weak lexical overlap (0.31).,ques_pairs.csv,train,pending
aug-167837,What are some interesting speech topics on music?,What are some interesting speech topics for students?,0,paraphrase,synthetic_simple_paraphrase,enriched_dataset_full.csv,train,pending
aug-66985,Is pradeep good for chemistry?,What are weirdest/unknown facts about Bats?,0,paraphrase,synthetic_simple_paraphrase,enriched_dataset_full.csv,train,pending
aug-171672,in what way many hours does it take to learn a language?,How long did it take you to learn a new language?,0,paraphrase,synthetic_simple_paraphrase,enriched_dataset_full.csv,train,pending
aug-313068,"Since Carrie Fisher has passed away, what will they do about Star Wars Episode IX?",What will Carrie Fisher's death mean for the next Star Wars movies?,1,paraphrase,synthetic_simple_paraphrase,enriched_dataset_full.csv,train,pending
aug-370761,"Grammar: Which is correct, ""in our life"" or ""in our lives""?",Do people feel offended when their grammar is corrected?,0,paraphrase,synthetic_simple_paraphrase,enriched_dataset_full.csv,train,pending
85737,How can you tell if your car is bugged or tracked with a GPS?,How does GPS in cars work without Internet?,0,unrelated,Low lexical overlap (0.10).,ques_pairs.csv,train,pending
8892,Is there a way to detect if a phone number is a burner from the Burner app?,How do I know if my phone is tapped?,0,unrelated,Low lexical overlap (0.16).,ques_pairs.csv,train,pending
aug-109646,Sexism: Why do some men hate women?,Why do so many men hate women?,1,paraphrase,synthetic_simple_paraphrase,enriched_dataset_full.csv,train,pending
aug-316083,What is the difference between an auricle and atrium?,What is the function of the right auricle of the heart?,0,paraphrase,synthetic_simple_paraphrase,enriched_dataset_full.csv,train,pending
207800,What is the country with the highest suicide rate?,Which country has the highest suicide rate?,1,related_but_not_duplicate,Duplicate label but weak lexical overlap (0.50).,ques_pairs.csv,train,pending
174731,What do you think of the decision by the Indian Government to replace 1000 notes with 2000 notes?,What do you think of the decision by the Indian government to demonetize 500 and 1000 rupee notes?,1,paraphrase,High lexical overlap (0.65) with duplicate label.,ques_pairs.csv,train,pending
34175,What are the highest paid electrical engineering jobs in India?,Who are the highest paid engineers in India?,0,partial_overlap,Moderate lexical overlap (0.50).,ques_pairs.csv,train,pending
9709,I’m 15. Is it too late to start gymnastics?,How do I start gymnastics?,0,partial_overlap,Moderate lexical overlap (0.25).,ques_pairs.csv,train,pending
36643,Which are the best internet security apps?,Which antivirus software provides the best Internet security?,0,partial_overlap,Moderate lexical overlap (0.50).,ques_pairs.csv,train,pending
327812,Where do you buy gourmet cheese in Hyderabad?,Where can I buy gourmet cheese online?,0,partial_overlap,Moderate lexical overlap (0.36).,ques_pairs.csv,train,pending
78679,Why did Obama win the Nobel peace prize?,What did Barack Obama do to be awarded with the Peace Nobel Prize?,1,related_but_not_duplicate,Duplicate label but weak lexical overlap (0.40).,ques_pairs.csv,train,pending
aug-39429,which is it like to have gay sex for the first time after living as a straight person?,What is the damage if a gay or lesbian person marries the opposite sex?,0,paraphrase,synthetic_simple_paraphrase,enriched_dataset_full.csv,train,pending
308508,How hard is it to become Top Question Writer on Quora?,How can I become a Top Question Writer on Quora?,0,partial_overlap,Moderate lexical overlap (0.50).,ques_pairs.csv,train,pending
21668,How can you determine the chemical formula for zinc acetate?,What is the formula for acetate ion?,0,partial_overlap,Moderate lexical overlap (0.31).,ques_pairs.csv,train,pending
127026,Is the Moon really a moon?,Is the Moon a planet?,0,related_but_not_duplicate,High lexical overlap (0.67) but not marked as duplicate.,ques_pairs.csv,train,pending
aug-84255,which is Indian law?,What are the Indian laws on smoking?,0,paraphrase,synthetic_simple_paraphrase,enriched_dataset_full.csv,train,pending
319710,How is the word 'spurn' used in a sentence?,How is the word 'courtier' used in a sentence?,0,related_but_not_duplicate,High lexical overlap (0.80) but not marked as duplicate.,ques_pairs.csv,train,pending
55763,Is there a hack to bypass an iPod Touch 6th generation lock screen?,Is it possible to bypass an iPod Touch 6th generation pass code without resetting?,0,partial_overlap,Moderate lexical overlap (0.42).,ques_pairs.csv,train,pending
401349,Can I wear spectacles during Aadhaar card image capture process?,I updated my Aadhaar card through a post. How many days does it take for the Aadhaar card to update?,0,unrelated,Low lexical overlap (0.12).,ques_pairs.csv,train,pending
250728,What is your opinion on playing of national anthem before movie shows being made compulsory in India?,Will the Supreme Court's decision of playing the National Anthem before movie screenings affect your patriotism?,1,related_but_not_duplicate,Duplicate label but weak lexical overlap (0.27).,ques_pairs.csv,train,pending
49431,What happens after the death?,What happens to us when we die?,1,related_but_not_duplicate,Duplicate label but weak lexical overlap (0.20).,ques_pairs.csv,train,pending
aug-399255,Can something greater than the word business?,How did they make electronic diagrams? How did they determine parameters of these parts and how to join them together?,0,paraphrase,synthetic_simple_paraphrase,enriched_dataset_full.csv,train,pending
107691,Have you ever made up a word or language?,Have you ever made up a word?,1,paraphrase,High lexical overlap (0.78) with duplicate label.,ques_pairs.csv,train,pending
aug-13880,How do you know when it's time to let a relationship go?,How can I build my professional and social network from my smartphone?,0,paraphrase,synthetic_simple_paraphrase,enriched_dataset_full.csv,train,pending
15737,How much is 1 carat of diamond?,How much would a 15-carat diamond cost?,0,partial_overlap,Moderate lexical overlap (0.36).,ques_pairs.csv,train,pending
aug-237494,in what way do I talk like a native English speaker?,How can I understand English native speakers' speaking?,0,paraphrase,synthetic_simple_paraphrase,enriched_dataset_full.csv,train,pending
aug-304016,What's the best programming language to learn in 2016?,What is the best programming language for learning programming from scratch?,1,paraphrase,synthetic_simple_paraphrase,enriched_dataset_full.csv,train,pending
239349,Which location does majority of people get posted after training in wipro?,Which location does majority of people get posted after training in IGate?,0,related_but_not_duplicate,High lexical overlap (0.85) but not marked as duplicate.,ques_pairs.csv,train,pending
386703,Do female porn stars get pregnant while doing their job?,Do female porn stars cheat?,0,partial_overlap,Moderate lexical overlap (0.36).,ques_pairs.csv,train,pending
aug-88230,How do you add a picture to your question on Quora?,How do I insert an image in an answer or question details on Quora?,0,paraphrase,synthetic_simple_paraphrase,enriched_dataset_full.csv,train,pending
aug-311291,which makes a Shih Tzu/Terrier mix such a loyal companion?,What makes a Labrador/Great Dane mix such a loyal companion?,0,paraphrase,synthetic_simple_paraphrase,enriched_dataset_full.csv,train,pending
62666,How tall will I be? I am 12.5 years old.,I'm 13.5 years old. My height is 180cm. How tall am I going to be when I grow up?,0,partial_overlap,Moderate lexical overlap (0.38).,ques_pairs.csv,train,pending
339415,What are some MathWorks interview questions for a data warehouse analyst position?,What questions should I expect in the interview for the position of Business Intelligence analyst in Indeed.com in US?,0,partial_overlap,Moderate lexical overlap (0.26).,ques_pairs.csv,train,pending
109806,Is there any way I can send my mobile prepaid balance to my bank account?,Can't we transfer mod balance through net banking after transferring available balance to another SBI account? Please help?,0,unrelated,Low lexical overlap (0.14).,ques_pairs.csv,train,pending
252180,Why is a shell needed in an operating system? Could an operating system work without it?,What programming language are operating systems written in?,0,unrelated,Low lexical overlap (0.11).,ques_pairs.csv,train,pending
168454,I slapped my boyfriend in misunderstanding. I thought he was cheating on me. He broke up with me. Will he ever forgive me?,My ex boyfriend broke up with me five times. Is he an abuser or am I the problem?,0,partial_overlap,Moderate lexical overlap (0.29).,ques_pairs.csv,train,pending
aug-37854,Is it legal to stop car on Hyderabad outer ring road?,What should I focus more on being a fresher and working in a startup as a software developer for a better future?,0,paraphrase,synthetic_simple_paraphrase,enriched_dataset_full.csv,train,pending
8457,What will Hillary Clinton's India policy be if she becomes President?,What will be Hillary Clinton's policy towards India if she gets elected as the president of the United States of America?,1,related_but_not_duplicate,Duplicate label but weak lexical overlap (0.52).,ques_pairs.csv,train,pending
aug-77109,My uncle is a professor at MIT. How can he help me get in? Can he request his colleagues at other universities such at Stanford to recommended me?,How hard is it to get 45 in IB? Is the hardwork worth it? Will it help me get into MIT?,0,paraphrase,synthetic_simple_paraphrase,enriched_dataset_full.csv,train,pending
93016,Is it true that there is life after death?,Can we ever know if there is life after death?,1,related_but_not_duplicate,Duplicate label but weak lexical overlap (0.38).,ques_pairs.csv,train,pending
aug-238262,"If a friend has deleted their what's app account, am I still able to send what's app messages to them with 2 ticks?",What happens if I accidently send a WhatsApp message to a person who doesn't have my number saved and then delete my account? Do they still get my number on their WhatsApp chat history?,0,paraphrase,synthetic_simple_paraphrase,enriched_dataset_full.csv,train,pending
331411,Can job make you rich?,Can your job make you rich?,0,related_but_not_duplicate,High lexical overlap (0.83) but not marked as duplicate.,ques_pairs.csv,train,pending
325426,What is the historical evidence of the existence of Jesus Christ?,What is the evidence for and against historical Jesus?,1,related_but_not_duplicate,Duplicate label but weak lexical overlap (0.50).,ques_pairs.csv,train,pending
aug-53872,How long can a seal hold its breath?,How long can you hold your breath?,1,paraphrase,synthetic_simple_paraphrase,enriched_dataset_full.csv,train,pending
131666,What determines if a person is ugly?,What factors determine a person's maturity level?,0,partial_overlap,Moderate lexical overlap (0.25).,ques_pairs.csv,train,pending
aug-68978,"which is the first thing a girl notices in a guy? (Features, looks etc.)",What is the first thing girls look for in guys?,0,paraphrase,synthetic_simple_paraphrase,enriched_dataset_full.csv,train,pending
44752,Does viewing your own Instagram video count as a view?,Can you view pictures on Instagram without an account?,0,unrelated,Low lexical overlap (0.12).,ques_pairs.csv,train,pending
129877,How can I earn money part time online?,What is the best way for making money online?,1,related_but_not_duplicate,Duplicate label but weak lexical overlap (0.13).,ques_pairs.csv,train,pending
241197,What happens to a London bus driver if a ticket inspector finds a passenger with no oyster card?,What are some advantages of clear braces?,0,unrelated,Low lexical overlap (0.05).,ques_pairs.csv,train,pending
aug-394877,"When you delete someone off Snapchat do they appear on your ""added me"" list?",How do I retrieve deleted Snapchat messages?,0,paraphrase,synthetic_simple_paraphrase,enriched_dataset_full.csv,train,pending
aug-38604,Can I carry my keyboard in Airlines (domestic) in India?,Can I carry my guitar in SpiceJet Airlines (domestic) in India?,0,paraphrase,synthetic_simple_paraphrase,enriched_dataset_full.csv,train,pending
332693,What is Karman line?,Consider the line [math]6x+5y=4[/math]. What is the slope of a line parallel to this line? What is the slope of a line perpendicular to this line?,0,unrelated,Low lexical overlap (0.18).,ques_pairs.csv,train,pending
aug-35314,devices? input of examples are which,What is the most common input device?,0,paraphrase,synthetic_simple_paraphrase,enriched_dataset_full.csv,train,pending
aug-135543,What is the best Bollywood movie of all time? And why?,What are the best movies of all time?,0,paraphrase,synthetic_simple_paraphrase,enriched_dataset_full.csv,train,pending
299301,Where can I get a PPF account?,What is PPF account?,1,related_but_not_duplicate,Duplicate label but weak lexical overlap (0.22).,ques_pairs.csv,train,pending
7406,"After completing Msc CS from University of Delhi,can a student pursue admission in MS in computer science in US?",Is it possible for me to pursue MS in CS/IT/MIS from the US after completing B.Tech in Aerospace Engineering from India?,0,partial_overlap,Moderate lexical overlap (0.26).,ques_pairs.csv,train,pending
330635,How was Napoleon able to conquer most of Europe?,why did Napoleon were only able to conquer europe once?,0,partial_overlap,Moderate lexical overlap (0.36).,ques_pairs.csv,train,pending
aug-78753,Where did you meet your partner?,How or where did you meet your spouse/partner?,1,paraphrase,synthetic_simple_paraphrase,enriched_dataset_full.csv,train,pending
aug-147683,What is the output of this program?,What will be the output of the C++ program?,0,paraphrase,synthetic_simple_paraphrase,enriched_dataset_full.csv,train,pending
208710,What do you think of the New World Order?,What do you think of the alleged New World Order?,1,paraphrase,High lexical overlap (0.90) with duplicate label.,ques_pairs.csv,train,pending
aug-99663,in what way can you change my registered mobile number in IRCTC?,Why are humans more reactive than proactive?,0,paraphrase,synthetic_simple_paraphrase,enriched_dataset_full.csv,train,pending
aug-89676,in what way do I tell my dentist that I want braces?,How do you ask a dentist for braces?,1,paraphrase,synthetic_simple_paraphrase,enriched_dataset_full.csv,train,pending
266109,What is the meaning of reminiscing?,"What is the meaning of the word ""reminiscence""?",1,paraphrase,High lexical overlap (0.62) with duplicate label.,ques_pairs.csv,train,pending
6140,"What are the best, but worst jokes you have ever heard?",What's the dumbest joke you've ever heard?,0,partial_overlap,Moderate lexical overlap (0.33).,ques_pairs.csv,train,pending
72456,I am 20 years old and still don't know what to do with my career. What are some suggestions?,I am 20 years old and I have no idea what I want to do in my life. How can I figure this out?,1,related_but_not_duplicate,Duplicate label but weak lexical overlap (0.33).,ques_pairs.csv,train,pending
346330,How to properly approach a girl in the library?,How should I approach a girl in library?,1,related_but_not_duplicate,Duplicate label but weak lexical overlap (0.55).,ques_pairs.csv,train,pending
243503,What are some good resources both online and offline to learn J2EE?,Are Indian developers very good at programming?,0,unrelated,Low lexical overlap (0.12).,ques_pairs.csv,train,pending
aug-158438,"which are the services with sports statistics? MMA, Hockey, boxing?",What is nanotechnology used for in medicine?,0,paraphrase,synthetic_simple_paraphrase,enriched_dataset_full.csv,train,pending
138314,Who do you think won the first presidential debate between Hillary Clinton and Donald Trump and why?,Who won the first presidential debate September 2016?,1,related_but_not_duplicate,Duplicate label but weak lexical overlap (0.33).,ques_pairs.csv,train,pending
aug-90895,in what way can I get inbound campaigns for my call center?,Call Centers: What is the best way to get campaigns for my call center?,1,paraphrase,synthetic_simple_paraphrase,enriched_dataset_full.csv,train,pending
395242,How do you know if you are in love or just limerice?,How do you know if you're unconditionally in love with someone?,1,related_but_not_duplicate,Duplicate label but weak lexical overlap (0.47).,ques_pairs.csv,train,pending
aug-114943,in what way do I download a video from any website?,How can I download a playlist from any video streaming website?,1,paraphrase,synthetic_simple_paraphrase,enriched_dataset_full.csv,train,pending
244529,How do you open a SWF file?,What an SWF file? How do you open it?,1,paraphrase,High lexical overlap (0.60) with duplicate label.,ques_pairs.csv,train,pending
373018,How can I learn how to fly?,How can I learn to fly a plane?,0,related_but_not_duplicate,High lexical overlap (0.75) but not marked as duplicate.,ques_pairs.csv,train,pending
aug-104581,What color should I do my nails?,What color should I paint my nails?,1,paraphrase,synthetic_simple_paraphrase,enriched_dataset_full.csv,train,pending
34443,What kind of clothes do you wear in Workout?,What kind of clothes do you wear at home?,0,related_but_not_duplicate,High lexical overlap (0.64) but not marked as duplicate.,ques_pairs.csv,train,pending
aug-31066,Is Hillary Clinton a dishonest candidate?,Why does Hillary Clinton lie so often?,1,paraphrase,synthetic_simple_paraphrase,enriched_dataset_full.csv,train,pending
aug-91646,in what way would I increase my height aftr 18?,How does your height increase?,1,paraphrase,synthetic_simple_paraphrase,enriched_dataset_full.csv,train,pending
278213,Why is fluoride put in water?,Why do we have fluoride in our water?,1,related_but_not_duplicate,Duplicate label but weak lexical overlap (0.40).,ques_pairs.csv,train,pending
aug-317675,How do I learn app developement?,How can I learn app development on my own?,0,paraphrase,synthetic_simple_paraphrase,enriched_dataset_full.csv,train,pending
288936,How do you get a tax refund in the U.S.?,How do I get a tax refund?,0,partial_overlap,Moderate lexical overlap (0.50).,ques_pairs.csv,train,pending
201316,How long does it take for hair to grow after a hair transplant?,How long does a hair transplant procedure take?,0,partial_overlap,Moderate lexical overlap (0.54).,ques_pairs.csv,train,pending
113579,I have started going gym but I got to know later that he is not a good trainer. Can anyone suggest me what would be the choice further?,What were the best experimental weapons in World War One?,0,unrelated,Low lexical overlap (0.06).,ques_pairs.csv,train,pending
aug-87744,Who would win a war between China and Japan and how would the confrontation look like?,Who will win a war between China and Japan?,1,paraphrase,synthetic_simple_paraphrase,enriched_dataset_full.csv,train,pending
aug-92995,"How much %tile req to get calls from the IIM A, B, C?","How much percentile do I need to get a call from IIM A, B or C?",1,paraphrase,synthetic_simple_paraphrase,enriched_dataset_full.csv,train,pending
173893,What is a geckodriver?,How do we know which software process model to use?,0,unrelated,Low lexical overlap (0.00).,ques_pairs.csv,train,pending
aug-170640,What is the best way to unlock a Motorola Droid Bionic?,Can the Motorola Droid Bionic be unlocked?,0,paraphrase,synthetic_simple_paraphrase,enriched_dataset_full.csv,train,pending
aug-7884,What movies are similar to Taxi Driver?,Taxi Driver (1976 movie): Was Travis Bickle lying about being in the Marine Corps and serving in Vietnam?,0,paraphrase,synthetic_simple_paraphrase,enriched_dataset_full.csv,train,pending
aug-141701,in what way do l stop intrusive thoughts?,How do I get rid of intrusive thoughts?,1,paraphrase,synthetic_simple_paraphrase,enriched_dataset_full.csv,train,pending
241566,Contracts: What is the penalty for breaching a non-disclosure agreement between private entities?,I want advice on my unique business idea from others. Should I make my family and close friends sign a non-disclosure agreement before telling them?,0,unrelated,Low lexical overlap (0.12).,ques_pairs.csv,train,pending
207025,How long of a sequence can be inserted into a genome using CRISPR/CAS 9?,Can CRISPR/CAS9 be used instead of restriction enzymes to cut DNA sequences?,0,unrelated,Low lexical overlap (0.17).,ques_pairs.csv,train,pending
377128,What would be the first thing you would do if you were made the president of USA?,"If you were The President of USA, what would you do first?",1,paraphrase,High lexical overlap (0.79) with duplicate label.,ques_pairs.csv,train,pending
259224,What is covalent bonding? What are some examples?,What is a polar covalent bond?,0,partial_overlap,Moderate lexical overlap (0.30).,ques_pairs.csv,train,pending
63013,What's it like to be rich as in 1% rich?,When did the 1% begin and what is it?,0,unrelated,Low lexical overlap (0.19).,ques_pairs.csv,train,pending
49636,What can I do to lose 20 pounds?,What is the best guide to lose unwanted pounds?,1,related_but_not_duplicate,Duplicate label but weak lexical overlap (0.31).,ques_pairs.csv,train,pending
191435,Which books should I read to improve my English?,Books: What should I read if I want to practice and improve my English?,1,related_but_not_duplicate,Duplicate label but weak lexical overlap (0.57).,ques_pairs.csv,train,pending
aug-167977,"Why aren't there any ""no tears"" shampoos for adults?",Is baby shampoo really different from an adult's?,0,paraphrase,synthetic_simple_paraphrase,enriched_dataset_full.csv,train,pending
aug-324484,which is the tenure of chief minister?,Who is the chief minister of Bihar?,0,paraphrase,synthetic_simple_paraphrase,enriched_dataset_full.csv,train,pending
301957,Is psychiatry aware of its malevolence and murderous intent?,Can kittens drink human breast milk?,0,unrelated,Low lexical overlap (0.00).,ques_pairs.csv,train,pending
33705,How do you trace a fake phone number?,How do I trace an internet connection phone number from middle East?,0,partial_overlap,Moderate lexical overlap (0.33).,ques_pairs.csv,train,pending
331165,What are example of the five properties of matter?,What are some examples of the properties of matter?,1,paraphrase,High lexical overlap (0.60) with duplicate label.,ques_pairs.csv,train,pending
aug-265171,Is there any reference in ancient Hindu scriptures for astrological remedies regarding malefic position of planets placed in one's horoscope?,Are there references in scriptures of India about how people used to manage nature's call?,0,paraphrase,synthetic_simple_paraphrase,enriched_dataset_full.csv,train,pending
aug-298837,in what way do I calculate the linear accelerator of the ten steps of transmission electron microscope?,How do you calculate the linear momentum of two bodies taken as a system.and what is reduced mass?,0,paraphrase,synthetic_simple_paraphrase,enriched_dataset_full.csv,train,pending
260822,What will be the effects of demonitizing 500 and 1000 rupees notes in Indian economy?,What will be the consequences of 500 and 1000 rupee notes banning?,1,related_but_not_duplicate,Duplicate label but weak lexical overlap (0.50).,ques_pairs.csv,train,pending
165115,Can I connect my PS3 to my laptop and use it as a screen?,Can I use my laptop as a screen for my PS3? If so how?,1,related_but_not_duplicate,Duplicate label but weak lexical overlap (0.53).,ques_pairs.csv,train,pending
aug-391736,Why didn't Apple make a Leather Smart Cover for the iPad Mini?,What iPad 2 cases are compatible with Apple's Smart Cover?,0,paraphrase,synthetic_simple_paraphrase,enriched_dataset_full.csv,train,pending
401615,What can I do to practice my English?,I want to improve my English?,1,related_but_not_duplicate,Duplicate label but weak lexical overlap (0.40).,ques_pairs.csv,train,pending
234524,How do I read a monitor in ICU?,Are patients in ICU in India treated badly?,0,unrelated,Low lexical overlap (0.15).,ques_pairs.csv,train,pending
aug-327072,"in what way much do people who work for taxi companies like Olacabs, TaxiForSure, and Meru Cabs earn per month?",New York City Taxis: How much money do NYC cab drivers make on average?,0,paraphrase,synthetic_simple_paraphrase,enriched_dataset_full.csv,train,pending
54266,Why are Lithuanians so good at basketball compared to Russians?,Why are Lithuanians so good at basketball?,0,related_but_not_duplicate,High lexical overlap (0.70) but not marked as duplicate.,ques_pairs.csv,train,pending
aug-341572,which are the consolidated charges for A/C? in what way does the bank come up with these charges?,Why don't banks charge ATM fees in London?,0,paraphrase,synthetic_simple_paraphrase,enriched_dataset_full.csv,train,pending
122009,What freedoms do women have?,What is freedom for you?,0,unrelated,Low lexical overlap (0.11).,ques_pairs.csv,train,pending
aug-329409,which experience do you have with owning Sugar Gliders? Would you recommend it?,Do you have a sugar glider and if so would you recommend it as a wonderful pet?,1,paraphrase,synthetic_simple_paraphrase,enriched_dataset_full.csv,train,pending
aug-257478,"""Men don't respond to words; they respond to no contact."" True or false?",I don't feel like talking to anyone. In fact many times I do not respond to phone calls also. What should I do?,0,paraphrase,synthetic_simple_paraphrase,enriched_dataset_full.csv,train,pending
aug-99170,Is Java allowed for INOI and IOI?,Will IOI ever allow Java?,0,paraphrase,synthetic_simple_paraphrase,enriched_dataset_full.csv,train,pending
133665,Are there only branded products sell on myntra?,How can one sell a product through Myntra?,0,unrelated,Low lexical overlap (0.14).,ques_pairs.csv,train,pending
aug-325081,winning? Trump Donald is How,Why did Donald Trump win the 2016 American election?,1,paraphrase,synthetic_simple_paraphrase,enriched_dataset_full.csv,train,pending
79560,What books should I read and what should be my reading strategy to crack RBI grade b exam easily?,What is a strategy to crack the RBI Grade B exam?,0,partial_overlap,Moderate lexical overlap (0.40).,ques_pairs.csv,train,pending
aug-309538,How can I introduce myself as a teacher in a job interview?,How do you intoduce your self in a online job interview for english teacher?,0,paraphrase,synthetic_simple_paraphrase,enriched_dataset_full.csv,train,pending
170633,Want to sell add slots online on television?,How many kinds of wave are there?,0,unrelated,Low lexical overlap (0.00).,ques_pairs.csv,train,pending
aug-256737,in what way much does it cost for one person to visit south Korea?,How much amount should I have to keep with me to go for a trip to south Korea for 10 days?,0,paraphrase,synthetic_simple_paraphrase,enriched_dataset_full.csv,train,pending
310318,How do I study faster and more efficiently?,How can I study more efficiently?,1,related_but_not_duplicate,Duplicate label but weak lexical overlap (0.56).,ques_pairs.csv,train,pending
190881,Which is the best reporting tool?,Which is the best financial reporting tools?,0,related_but_not_duplicate,High lexical overlap (0.62) but not marked as duplicate.,ques_pairs.csv,train,pending
aug-125509,Where does Northern California end and Southern California begin?,Does it ever rain in Southern California?,0,paraphrase,synthetic_simple_paraphrase,enriched_dataset_full.csv,train,pending
aug-276867,Is asteroid 2009es really coming towards earth?,"Do we understand orbital mechanics enough to direct an asteroid toward one that is heading toward earth, years ahead, so that it destroys the other?",0,paraphrase,synthetic_simple_paraphrase,enriched_dataset_full.csv,train,pending
aug-368891,which are the advantages of the decision taken by the Government of India to scrap out 500 and 1000 rupees notes?,Banning 500 and 1000 rupee notes is appreciated but why is the government bringing 500 and 2000 rupees again into the market?,1,paraphrase,synthetic_simple_paraphrase,enriched_dataset_full.csv,train,pending
244340,What is it like to work at Yodlee?,What is it like working at Yodlee India?,0,related_but_not_duplicate,High lexical overlap (0.60) but not marked as duplicate.,ques_pairs.csv,train,pending
6291,How do I dispose my e-waste in India?,How E-Wastes are disposed in India?,1,related_but_not_duplicate,Duplicate label but weak lexical overlap (0.33).,ques_pairs.csv,train,pending
aug-189094,What are some peacekeeping missions that have been successful?,What have been some of the most successful UN missions or interventions?,1,paraphrase,synthetic_simple_paraphrase,enriched_dataset_full.csv,train,pending
276166,"Does Chase Bank exchange foreign currency? If so, are their rates competetive?",How do I exchange foreign currency to Indian rupees?,0,unrelated,Low lexical overlap (0.17).,ques_pairs.csv,train,pending
233421,What are the best fantasy trilogies of all time?,What are the best fantasy movies of all time?,0,related_but_not_duplicate,High lexical overlap (0.80) but not marked as duplicate.,ques_pairs.csv,train,pending
aug-299440,"If a 'select all that apply' question was incorrectly coded in a dataset using SQL such that every response was selected, can I recover the data?",My coding exercise was rejected from a software engineering position with feedback that is plainly incorrect. Should I address this in my response?,0,paraphrase,synthetic_simple_paraphrase,enriched_dataset_full.csv,train,pending
230487,What is the password of the Wi-Fi in Delhi which is provided by the AAP?,How will the AAP give free Wi-fi in Delhi?,0,partial_overlap,Moderate lexical overlap (0.35).,ques_pairs.csv,train,pending
330921,How is the chemical formula for photosynthesis determined?,What is the formula for cellular respiration and photosynthesis?,0,partial_overlap,Moderate lexical overlap (0.42).,ques_pairs.csv,train,pending
378272,How is the word 'rescind' used in a sentence?,How is the word 'wistful' used in a sentence?,0,related_but_not_duplicate,High lexical overlap (0.80) but not marked as duplicate.,ques_pairs.csv,train,pending
398557,Why is it etiquette to hold a fork using the left hand and not the right hand if I'm right-handed?,"Social and Behavioral Norms: Why do Europeans use a fork in their left hand, while North Americans hold it in their right?",0,partial_overlap,Moderate lexical overlap (0.30).,ques_pairs.csv,train,pending
aug-271534,country? a became England did How,How did England become a country?,1,paraphrase,synthetic_simple_paraphrase,enriched_dataset_full.csv,train,pending
aug-19385,which was that one moment when you realized you have grown up?,When did you first realize you've grown up?,1,paraphrase,synthetic_simple_paraphrase,enriched_dataset_full.csv,train,pending
136667,Which countries are Israel's best allies?,Can Israel be considered another best ally of India?,0,unrelated,Low lexical overlap (0.14).,ques_pairs.csv,train,pending
aug-268095,in what way is e-commerce different from traditional commerce?,What features should be there on an online supermarket which are different from a traditional e-commerce site?,0,paraphrase,synthetic_simple_paraphrase,enriched_dataset_full.csv,train,pending
aug-207929,How can I earn money (I am good at maths)?,I am a good typer. I can type around 80 WPM. I love typing. In what way can I earn money using that skill?,0,paraphrase,synthetic_simple_paraphrase,enriched_dataset_full.csv,train,pending
146044,What universities does Ball recruit new grads from? What majors are they looking for?,What universities does Care.com recruit new grads from? What majors are they looking for?,0,related_but_not_duplicate,High lexical overlap (0.80) but not marked as duplicate.,ques_pairs.csv,train,pending
146032,Can aliens ever be real?,Do aliens even exist?,1,related_but_not_duplicate,Duplicate label but weak lexical overlap (0.12).,ques_pairs.csv,train,pending
264082,How do I get a lot of money in 8 ball pool?,How do I earn more coins in 8 ball pool?,1,related_but_not_duplicate,Duplicate label but weak lexical overlap (0.47).,ques_pairs.csv,train,pending
10484,I have a machine which has GPRS modem which sends GPRS data to the web server. How can I handle this GPRS event data in Java?,"When I compile my Java program it's easily get compiled, but when I run that code it gives me an Error: Could not find or load main class Data?",0,unrelated,Low lexical overlap (0.07).,ques_pairs.csv,train,pending
aug-223311,Have you ever been stalked by someone?,Have you ever been stalked?,1,paraphrase,synthetic_simple_paraphrase,enriched_dataset_full.csv,train,pending
aug-394476,How exactly does banning Rs 500 and Rs 1000 notes curb the problem of black money?,How will banning Rs. 500 and Rs. 1000 notes help in overcoming corruption in India?,1,paraphrase,synthetic_simple_paraphrase,enriched_dataset_full.csv,train,pending
aug-44435,"If I want to make friends with English native speakers on Quora, what should I do?",What are the best ways to find native English speakers interested in communicating with students to improve their English as a foreign language?,0,paraphrase,synthetic_simple_paraphrase,enriched_dataset_full.csv,train,pending
111848,What diet can I eat to grow fast?,I eat enough food but still I am underweight. What can be the reasons behind it and what diet should I take to improve my health?,0,partial_overlap,Moderate lexical overlap (0.24).,ques_pairs.csv,train,pending
191876,How will be the scope for an MS in Germany for mechanical graduates?,How are mechanical engineering jobs in Germany? Are they good after completing a MS in Germany in mechanical engineering itself?,1,related_but_not_duplicate,Duplicate label but weak lexical overlap (0.24).,ques_pairs.csv,train,pending
314537,What are the major features of Chhattisgarh geography?,Why everyone is behind jio?,0,unrelated,Low lexical overlap (0.00).,ques_pairs.csv,train,pending
aug-259873,in what way do I solve this communication problem?,"In one short line, why should Balochistan be free?",0,paraphrase,synthetic_simple_paraphrase,enriched_dataset_full.csv,train,pending
aug-274533,Where can I legally watch Dragon Ball Z episodes and movies?,Where can I watch friends?,0,paraphrase,synthetic_simple_paraphrase,enriched_dataset_full.csv,train,pending
aug-247533,What can I do?I have extreme pain in my feet at the big toe joint. I can't walk or stand for long. which would help with this pain?,My big toe on my right foot is slightly deviated towards right but i dont have any protruded bone Near my big toe.. Do i have any bunions?,0,paraphrase,synthetic_simple_paraphrase,enriched_dataset_full.csv,train,pending
106574,Who discovered the plate tectonics? How were they discovered?,When and how was plate tectonics discovered?,1,related_but_not_duplicate,Duplicate label but weak lexical overlap (0.36).,ques_pairs.csv,train,pending
aug-183567,Which type of nose I have?,What type of nose do I have?,0,paraphrase,synthetic_simple_paraphrase,enriched_dataset_full.csv,train,pending
aug-367677,Why did you stop or reduce your smoking of marijuana?,What are the laws with regard to marijuana in India?,0,paraphrase,synthetic_simple_paraphrase,enriched_dataset_full.csv,train,pending
14080,"Stomach flu? (diarreah, stomach pain, ear and tooth aches, headaches, left kidney kinda hurts, chills sometimes, tonsils a little swollen)",My side (and sometimes stomach) hurts sometimes should I go get this checked?,0,unrelated,Low lexical overlap (0.15).,ques_pairs.csv,train,pending
326079,Are there any solutions for a hard water hair loss problem?,In what ways can one care for hair when the water is too hard?,0,unrelated,Low lexical overlap (0.19).,ques_pairs.csv,train,pending
aug-326798,Why did Marathas fought third battle of panipat?,Why did the Marathas lose the third battle of Panipat?,1,paraphrase,synthetic_simple_paraphrase,enriched_dataset_full.csv,train,pending
aug-228446,which is it like to raise miniature donkeys?,How do donkeys and mules differ?,0,paraphrase,synthetic_simple_paraphrase,enriched_dataset_full.csv,train,pending
aug-124094,Is Warsaw better than Cracow when it comes to nightlife?,We are a group of six male students. Should we go to Warsaw or Cracow to have a good time?,0,paraphrase,synthetic_simple_paraphrase,enriched_dataset_full.csv,train,pending
aug-303724,What is the safest way to shave your bikini area?,What is the best way to shave the bikini area?,1,paraphrase,synthetic_simple_paraphrase,enriched_dataset_full.csv,train,pending
329659,Why did American people elect Donald Trump as their president?,How did Donald Trump win the election?,1,related_but_not_duplicate,Duplicate label but weak lexical overlap (0.21).,ques_pairs.csv,train,pending
233813,Who is the all-time most talented person ever?,Who is the most talented person of all time?,1,paraphrase,High lexical overlap (0.80) with duplicate label.,ques_pairs.csv,train,pending
228862,Can Donald Trump overturn gay marriage?,How easy would it be for Trump to overturn gay marriage?,1,related_but_not_duplicate,Duplicate label but weak lexical overlap (0.31).,ques_pairs.csv,train,pending
aug-254126,What is your maximum embarrassing moment ever?,What is most embarrassing moment of your life?,1,paraphrase,synthetic_simple_paraphrase,enriched_dataset_full.csv,train,pending
260988,Why do Indian Muslims hate P.M. Narendra Modi?,Why Muslims hate Modi government?,1,related_but_not_duplicate,Duplicate label but weak lexical overlap (0.40).,ques_pairs.csv,train,pending
247845,Are edamame shells edible?,Are kangaroos edible?,0,partial_overlap,Moderate lexical overlap (0.40).,ques_pairs.csv,train,pending
aug-143350,Where should I go or what should I do to learn HTML?,Where can I learn HTML?,1,paraphrase,synthetic_simple_paraphrase,enriched_dataset_full.csv,train,pending
aug-362967,which were the circumstances of your first lesbian experience?,When did you have your first gay experience?,0,paraphrase,synthetic_simple_paraphrase,enriched_dataset_full.csv,train,pending
aug-357451,What are some interesting things that can be done on a computer?,What are some interesting things you can do with computer science?,0,paraphrase,synthetic_simple_paraphrase,enriched_dataset_full.csv,train,pending
aug-120756,What are the best features on the iPhone 6?,What are the best features of the iPhone?,0,paraphrase,synthetic_simple_paraphrase,enriched_dataset_full.csv,train,pending
344663,How does the HP OfficeJet 4620 Airprint compare to the HP DesignJet Z3200 24-in PostScript Photo Printer?,How does the HP OfficeJet 4620 Airprint compare to the HP Color LaserJet Pro M452dw?,1,related_but_not_duplicate,Duplicate label but weak lexical overlap (0.45).,ques_pairs.csv,train,pending
aug-271817,Have you ever had a mind blowing sex?,Have you ever had mind-blowing sex?,1,paraphrase,synthetic_simple_paraphrase,enriched_dataset_full.csv,train,pending
78016,Is it bad to have bumps on your head caused by a football helmet?,Is it normal to have bumps on your head?,0,partial_overlap,Moderate lexical overlap (0.53).,ques_pairs.csv,train,pending
aug-236034,What open source project did you start contributing with?,How should I start contributing to open source projects?,1,paraphrase,synthetic_simple_paraphrase,enriched_dataset_full.csv,train,pending
aug-392146,in what way long does it take before marijuana is out of your system? Is there any way to do it faster?,How long does it take weed to get out of your system?,1,paraphrase,synthetic_simple_paraphrase,enriched_dataset_full.csv,train,pending
193355,I am only 16 and because of a minor sports injury 1 year ago I am having lower back pain. I am a soccer player and I need to cure it?,What's the lowest age you find women attractive at? And the highest?,0,unrelated,Low lexical overlap (0.03).,ques_pairs.csv,train,pending
aug-20246,How do we stop social media addiction?,How do I overcome my social media addiction?,1,paraphrase,synthetic_simple_paraphrase,enriched_dataset_full.csv,train,pending
aug-176961,"I am a UI developer, with a primary skill set Angular JS. I have no knowledge of Java. in what way difficult is learning spring boot?",What is the GRE score requirement for the Master of Applied Statistics at UCLA?,0,paraphrase,synthetic_simple_paraphrase,enriched_dataset_full.csv,train,pending
307916,What are the best horror movies?,What are the best horror movies of the first decade of the 2000s (2001 - 2010)?,0,partial_overlap,Moderate lexical overlap (0.50).,ques_pairs.csv,train,pending
aug-173952,What are some things new employees should know going into their first day at Exactech?,What are some things new employees should know going into their first day at Express?,0,paraphrase,synthetic_simple_paraphrase,enriched_dataset_full.csv,train,pending
aug-316457,What are the things I should know or prepare before I start my first Vipassana retreat?,What should I do before attending a Vipassana retreat?,1,paraphrase,synthetic_simple_paraphrase,enriched_dataset_full.csv,train,pending
aug-402316,in what way can one improve his/her decision making skills?,I am very poor in taking decisions in my life and my past experience proved it. How can I improve my decision making skills?,1,paraphrase,synthetic_simple_paraphrase,enriched_dataset_full.csv,train,pending
169430,What happens if I change my Imei number?,What happens if I change IMEI number after unlocking?,1,paraphrase,High lexical overlap (0.70) with duplicate label.,ques_pairs.csv,train,pending
aug-366883,How did smartphones changed the life of elderly?,How has a smartphone changed your life?,0,paraphrase,synthetic_simple_paraphrase,enriched_dataset_full.csv,train,pending
aug-395601,which is the election of President Donald Trump means for the US universities and international students applying to them?,Will the Trump factor affect the admission of international students in the USA?,1,paraphrase,synthetic_simple_paraphrase,enriched_dataset_full.csv,train,pending
aug-234336,Have you ever told a lie to yourself?,How did you survive the biggest lie that was ever told about you?,0,paraphrase,synthetic_simple_paraphrase,enriched_dataset_full.csv,train,pending
284946,Which computer language should i learn first?,What language should I learn first?,0,related_but_not_duplicate,High lexical overlap (0.62) but not marked as duplicate.,ques_pairs.csv,train,pending
225106,How did Ronald Reagan's policies affect the economy?,What did Reagan do for mental health policies?,0,partial_overlap,Moderate lexical overlap (0.21).,ques_pairs.csv,train,pending
16939,What are the pros and cons of a late marriage?,What are the Pro and Cons of late marriage (>35years)?,1,paraphrase,High lexical overlap (0.67) with duplicate label.,ques_pairs.csv,train,pending
aug-335855,What are the top 10 things that Indians do not know about India?,What are some things that Indians don't know about India?,1,paraphrase,synthetic_simple_paraphrase,enriched_dataset_full.csv,train,pending
382526,Why is animal cruelty considered something wrong?,Why are there laws against animal cruelty?,0,partial_overlap,Moderate lexical overlap (0.27).,ques_pairs.csv,train,pending
aug-306483,What are the best paying non conventional jobs?,How much do most manual labor jobs pay? What are the non-monetary benefits of these jobs?,0,paraphrase,synthetic_simple_paraphrase,enriched_dataset_full.csv,train,pending
160698,What's the best way to tell a young child that their pet has died?,How can you inform a small child that his pet bird has died?,1,related_but_not_duplicate,Duplicate label but weak lexical overlap (0.27).,ques_pairs.csv,train,pending
aug-49263,"When your Facebook account is deleted, how to disconnect from Goodreads?",I am using wind8.1 sony vaio pc.I have been using avast antiv.My system is unable to update for new softwares.what can I do?,0,paraphrase,synthetic_simple_paraphrase,enriched_dataset_full.csv,train,pending
286302,Are nubians black Africans?,Black South Africans got political freedom but are yet to get economic freedom; did Mandela sell out Black people?,0,unrelated,Low lexical overlap (0.17).,ques_pairs.csv,train,pending
aug-175757,Is it possible to love more than one person at a time?,Can you be in love with more than one person at the same time? Should you be?,1,paraphrase,synthetic_simple_paraphrase,enriched_dataset_full.csv,train,pending
228305,"Have you ever not made it to the bathroom in time and had an ""accident?""",Have you ever made it late to the bathroom?,1,related_but_not_duplicate,Duplicate label but weak lexical overlap (0.50).,ques_pairs.csv,train,pending
277447,English is my second language.How can I improve my writing?,How can I improve my English writing skills?,1,paraphrase,High lexical overlap (0.64) with duplicate label.,ques_pairs.csv,train,pending
170465,What is the difference between a front-end developer and back-end developer?,What is difference between frontend and backend in web developing?,1,related_but_not_duplicate,Duplicate label but weak lexical overlap (0.31).,ques_pairs.csv,train,pending
114223,How do I download YouTube videos?,How do I download or save a YouTube video to my computer?,1,related_but_not_duplicate,Duplicate label but weak lexical overlap (0.38).,ques_pairs.csv,train,pending
aug-331200,Does Quora stand for QUestion OR Answer?,What is the Quora means?,1,paraphrase,synthetic_simple_paraphrase,enriched_dataset_full.csv,train,pending
aug-88241,What is it like living in the US?,What is it like to live in the US?,1,paraphrase,synthetic_simple_paraphrase,enriched_dataset_full.csv,train,pending
34896,"How can I be good in (Math, Physics, Chemistry)?",Why are deposits not required on wine and hard liquor bottles in California?,0,unrelated,Low lexical overlap (0.05).,ques_pairs.csv,train,pending
aug-10017,How do I start a conversation with a friend online?,How do I start a conversation with a girl I met online?,0,paraphrase,synthetic_simple_paraphrase,enriched_dataset_full.csv,train,pending
aug-205893,Did Richard Nixon try to blackmail individuals with data collected by surveillance?,"Would you agree that Richard Nixon was a progressive Republican? If so, do you still stand by your decision to leave the GOP due to Nixon?",0,paraphrase,synthetic_simple_paraphrase,enriched_dataset_full.csv,train,pending
221043,How can I become rich man?,How do I become rich?,1,related_but_not_duplicate,Duplicate label but weak lexical overlap (0.57).,ques_pairs.csv,train,pending
303574,"Is it possible to have Narcissistic, Avoidant, and Dependent personality disorder all at the same time?",Is it possible to be narcissistic and self-loathing at the same time?,0,partial_overlap,Moderate lexical overlap (0.53).,ques_pairs.csv,train,pending
aug-127191,which are some of the Best and creative whatsapp status?,What is the most creative WhatsApp status you have ever seen?,0,paraphrase,synthetic_simple_paraphrase,enriched_dataset_full.csv,train,pending
aug-199829,PTE? than better IELTS the Is,Is the PTE or IELTS easy?,0,paraphrase,synthetic_simple_paraphrase,enriched_dataset_full.csv,train,pending
aug-317113,In which countries do children learn the very same material at different schools?,How do you load your Spotify music onto your iTunes account?,0,paraphrase,synthetic_simple_paraphrase,enriched_dataset_full.csv,train,pending
10883,What is the most popular question and what is the most popular answer on Quora?,What are the most popular Q&A on Quora?,1,related_but_not_duplicate,Duplicate label but weak lexical overlap (0.46).,ques_pairs.csv,train,pending
aug-402181,Which place do you like to visit in India?,Should I propose a girl whom I know from last 6months?. I love and wanna spend my whole with her.,0,paraphrase,synthetic_simple_paraphrase,enriched_dataset_full.csv,train,pending
aug-311907,What dangers could accure when visiting the deep web?,How truly dangerous is the deep web?,1,paraphrase,synthetic_simple_paraphrase,enriched_dataset_full.csv,train,pending
116554,"What is a polite word or phrase to refer to someone who currently has, or is in the process of getting, tattoos or body art?",What are the words or phrases used to express the different movements of each part of our body?,0,unrelated,Low lexical overlap (0.19).,ques_pairs.csv,train,pending
109596,Why do plants need fixed nitrogen whereas humans don't?,Why do humans need other humans?,0,partial_overlap,Moderate lexical overlap (0.36).,ques_pairs.csv,train,pending
aug-42517,Why is rotor field winding excited by DC but not AC?,Why do we excite field winding of an alternator with dc source rather than an ac source?,0,paraphrase,synthetic_simple_paraphrase,enriched_dataset_full.csv,train,pending
58267,What are some scientific observations that might suggest that we may be living in an imaginative world (like the Matrix)?,Are we living in a matrix?,0,partial_overlap,Moderate lexical overlap (0.25).,ques_pairs.csv,train,pending
aug-20992,I had sex the day my period was due and then it never came. You can't get pregnant on your period right?,What can cause a woman's period to be late?,0,paraphrase,synthetic_simple_paraphrase,enriched_dataset_full.csv,train,pending
331324,What is the size of the antique furniture market?,Where do you get antique look or distressed furniture in India?,0,unrelated,Low lexical overlap (0.12).,ques_pairs.csv,train,pending
aug-216596,"in what way does the Republican Party justify ""stonewalling"" a president simply because they don't belong to the same party as them?",Acutel back pain?,0,paraphrase,synthetic_simple_paraphrase,enriched_dataset_full.csv,train,pending
aug-173729,in what way the movie Great Grand Masti has been leaked ?,What is the reason that Great Grand Masti got leaked before the release date? What should Bollywood do that will prevent to leak any movies?,1,paraphrase,synthetic_simple_paraphrase,enriched_dataset_full.csv,train,pending
291587,What is the modern day definition of religion?,Religion: Is atheism just another religion?,0,unrelated,Low lexical overlap (0.18).,ques_pairs.csv,train,pending
242084,"At which date ""ae dil hai mushkil"" movie trailer will release?",When is the Ae Dil Hai Mushkil Trailer releasing?,1,related_but_not_duplicate,Duplicate label but weak lexical overlap (0.33).,ques_pairs.csv,train,pending
aug-346056,What is difference between dx and ∂y/∂x?,What is the difference between 1.∫dx=x and ∫(x-1) ^0 dx=x-1?,0,paraphrase,synthetic_simple_paraphrase,enriched_dataset_full.csv,train,pending
aug-211081,which are easy hairstyles?,What are some easy 50s hairstyles?,0,paraphrase,synthetic_simple_paraphrase,enriched_dataset_full.csv,train,pending
243389,How old do I look to you? Honestly.,How old do I look?,0,related_but_not_duplicate,High lexical overlap (0.62) but not marked as duplicate.,ques_pairs.csv,train,pending
355157,How did Tom Hardy build his body for the role of Bane in The Dark Knight Rises?,"The Dark Knight Rises (2012 movie): In the prologue, why did Bane leave one of his henchmen behind on the plane?",0,partial_overlap,Moderate lexical overlap (0.35).,ques_pairs.csv,train,pending
146772,How do I retrieve deleted Snapchat messages?,How do I retrieve deleted text messages from a Samsung m350?,0,partial_overlap,Moderate lexical overlap (0.50).,ques_pairs.csv,train,pending
348290,What are your top 5 movies for 2016?,Which movies are the best in 2016?,1,related_but_not_duplicate,Duplicate label but weak lexical overlap (0.25).,ques_pairs.csv,train,pending
316582,Where can I find a gazetted officer in Bangalore?,Is the ITI College Principal is gazetted officer?,0,unrelated,Low lexical overlap (0.14).,ques_pairs.csv,train,pending
aug-327254,Who is Barbie Giri?,Does Barbie Giri have a boyfriend?,0,paraphrase,synthetic_simple_paraphrase,enriched_dataset_full.csv,train,pending
aug-189401,in what way do I find the real time location of a cell phone number?,How do I track a cell phone by number for free?,1,paraphrase,synthetic_simple_paraphrase,enriched_dataset_full.csv,train,pending
244159,What is the scope of Indian Chartered Accountants in Canada?,What is the scope of the Indian chartered accountants abroad?,0,related_but_not_duplicate,High lexical overlap (0.73) but not marked as duplicate.,ques_pairs.csv,train,pending
aug-71972,Why did the government replace 1000 to 2000?,Why did the government print Rs 2000 notes? Why they didn’t print new 1000 notes?,1,paraphrase,synthetic_simple_paraphrase,enriched_dataset_full.csv,train,pending
aug-197268,What is the difference between dysplasia and anaplasia?,"What is the difference between a tumor, cancer and carcinoma?",0,paraphrase,synthetic_simple_paraphrase,enriched_dataset_full.csv,train,pending
aug-361576,How do I get back with my ex girlfriend?,How do I get my ex boyfriend back?,1,paraphrase,synthetic_simple_paraphrase,enriched_dataset_full.csv,train,pending
42802,"What does the phrase, ""turn down for what"" from the Lil John and DJ Snake song mean?",What does it mean that smallest coffins are the heaviest?,0,unrelated,Low lexical overlap (0.19).,ques_pairs.csv,train,pending
394808,How do I become a marine biologist?,How does one become a marine biologist in Singapore?,0,partial_overlap,Moderate lexical overlap (0.45).,ques_pairs.csv,train,pending
357954,Why are so many Quora questions about factual information that the questioner could easily look up?,Why do many Quora users ask questions they could look up online?,1,related_but_not_duplicate,Duplicate label but weak lexical overlap (0.33).,ques_pairs.csv,train,pending
253027,What is a cheap and reliable method for shipping a 20 pound box from the US to Romania?,What are your top 5 priorities in life right now?,0,unrelated,Low lexical overlap (0.04).,ques_pairs.csv,train,pending
76267,"Is working on only ""one thing"" at a time the success mantra for entrepreneurs? Is there anyone out there, who worked on 2-3 things at a time and was still successful? If yes, then how?","Do Hindu mantras work? If yes, how do they work?",0,unrelated,Low lexical overlap (0.09).,ques_pairs.csv,train,pending
aug-201803,in what way do I lose weight?,I'm 12 and at 60 kg and about 144 cm how do I lose weight?,1,paraphrase,synthetic_simple_paraphrase,enriched_dataset_full.csv,train,pending
58076,What is difference between south India and north India?,What are the cultural differences between North India and South India?,1,related_but_not_duplicate,Duplicate label but weak lexical overlap (0.50).,ques_pairs.csv,train,pending
aug-360434,Why does China oppose to every international decision of India?,2016 accredited investor?,0,paraphrase,synthetic_simple_paraphrase,enriched_dataset_full.csv,train,pending
aug-188658,Why do persons like alcohol even if it tastes bitter?,What are house loans? How do they work?,0,paraphrase,synthetic_simple_paraphrase,enriched_dataset_full.csv,train,pending
aug-308182,"What were the major effects of the cambodia earthquake, and how do these effects compare to the Sanriku earthquake in 1611?","What were the major effects of the cambodia earthquake, and how do these effects compare to the Arica earthquake in 1868?",1,paraphrase,synthetic_simple_paraphrase,enriched_dataset_full.csv,train,pending
147428,Is it better to live in New Zealand or Australia?,Which one is better for higher studies: Australia or New Zealand?,0,partial_overlap,Moderate lexical overlap (0.40).,ques_pairs.csv,train,pending
aug-401852,Which is the best laptop below Rs 30000?,I want a new laptop with maximum configuration under 30000?,1,paraphrase,synthetic_simple_paraphrase,enriched_dataset_full.csv,train,pending
388630,Why Mirae Asset Mutual Fund AMC is not listed on mfuonline.com?,I place the mutual fund redemption order today at 10 AM through AMC website. When will I receive the funds in my a/c (bank a/c ECS is already setup)?,0,unrelated,Low lexical overlap (0.11).,ques_pairs.csv,train,pending
aug-400819,Is it fair to say that David Shaw created D.E. Shaw just so he could make enough money to fund his research interests?,What does the no vacation policy mean at D.E. Shaw?,0,paraphrase,synthetic_simple_paraphrase,enriched_dataset_full.csv,train,pending
47352,What happened to Sanyukta after defeat of Prithviraj Chauhan?,What would have had happened to Indian history if Prithviraj Chauhan did not lose to Ghori in the second battle of Tarain?,0,partial_overlap,Moderate lexical overlap (0.25).,ques_pairs.csv,train,pending
aug-252211,What is your review about The Economist?,What is your review of The Economist (magazine)?,1,paraphrase,synthetic_simple_paraphrase,enriched_dataset_full.csv,train,pending
231092,How do I increase the vocabulary?,How can I improve my English vocabulary?,1,related_but_not_duplicate,Duplicate label but weak lexical overlap (0.30).,ques_pairs.csv,train,pending
aug-262388,What is the Mashable app?,What is Mashable?,0,paraphrase,synthetic_simple_paraphrase,enriched_dataset_full.csv,train,pending
aug-320353,Where can I download 'Siya Ke Ram' episodes in 1080p?,What is the best torrent site for TV series and episodes?,0,paraphrase,synthetic_simple_paraphrase,enriched_dataset_full.csv,train,pending
aug-192964,Question would you retire if you have enough money?,"Would SpaceX fly you (or your rover) to Mars, if you asked them, and paid them enough money?",0,paraphrase,synthetic_simple_paraphrase,enriched_dataset_full.csv,train,pending
224676,Newton laws of motion?,What are Newton's laws of motion?,1,related_but_not_duplicate,Duplicate label but weak lexical overlap (0.57).,ques_pairs.csv,train,pending
397083,What's going on with my tonsil?,Can tonsil stones come with swelling in one tonsil?,0,unrelated,Low lexical overlap (0.15).,ques_pairs.csv,train,pending
aug-133444,How do I start learning machine learning and data science using python?,How do I start learning Python Socket Programming?,1,paraphrase,synthetic_simple_paraphrase,enriched_dataset_full.csv,train,pending
aug-351870,What are some of the best jokes?,What are some of the best jokes ever told?,1,paraphrase,synthetic_simple_paraphrase,enriched_dataset_full.csv,train,pending
aug-146991,dragons? about cliches are which,Can a dragon possibly exist?,0,paraphrase,synthetic_simple_paraphrase,enriched_dataset_full.csv,train,pending
aug-126532,What is the reputation of the USC-ISI in CS?,"I am triple majoring in math, computer science and physics because these are my passions. Is this a bad idea?",0,paraphrase,synthetic_simple_paraphrase,enriched_dataset_full.csv,train,pending
aug-311478,which are some of the questions to ask on rural women's day?,What are some questions women like being asked?,0,paraphrase,synthetic_simple_paraphrase,enriched_dataset_full.csv,train,pending
100464,"Women, would you avoid a relationship with a man who doesn't want to be told what to do by anyone including you?","Is my husband wrong? I think he has too many women friends. He doesn't have inappropriate relationships with them. I trust him, but I am jealous.",0,unrelated,Low lexical overlap (0.10).,ques_pairs.csv,train,pending
259576,What is the most insane fact you've ever come across?,What are some amazing facts you have read or come across?,1,related_but_not_duplicate,Duplicate label but weak lexical overlap (0.22).,ques_pairs.csv,train,pending
aug-40684,What should be the preparation strategy for civil services exams?,What are some preparations strategies for the Civil Services Exam?,1,paraphrase,synthetic_simple_paraphrase,enriched_dataset_full.csv,train,pending
aug-68269,in what way do Linux machines find each other's IP on a LAN?,Do virtual machines have their own IP?,0,paraphrase,synthetic_simple_paraphrase,enriched_dataset_full.csv,train,pending
aug-99286,Which team deserved to win the IPL in 2015?,Which team is the favourite to win IPL 9 (2016)?,0,paraphrase,synthetic_simple_paraphrase,enriched_dataset_full.csv,train,pending
342871,What is the best concert you have been to?,What is the best concert you have ever been to and why?,1,paraphrase,High lexical overlap (0.75) with duplicate label.,ques_pairs.csv,train,pending
362121,Sci Research: How does scientific funding work in Australia?,Sci Research: How does scientific funding work in the U.K.?,0,related_but_not_duplicate,High lexical overlap (0.67) but not marked as duplicate.,ques_pairs.csv,train,pending
aug-321837,Is there any reason to love someone?,What are reasons that you love someone?,1,paraphrase,synthetic_simple_paraphrase,enriched_dataset_full.csv,train,pending
aug-7267,What is algorithms?,What are computer algorithms?,0,paraphrase,synthetic_simple_paraphrase,enriched_dataset_full.csv,train,pending
386505,Has there been a US president not born in the US?,Who has been the most worldly US President?,0,partial_overlap,Moderate lexical overlap (0.38).,ques_pairs.csv,train,pending
106866,How I would become a good learner?,How do I become a better learner?,1,related_but_not_duplicate,Duplicate label but weak lexical overlap (0.56).,ques_pairs.csv,train,pending
aug-304517,bad? day a once masturbating Is,Is masturbating with porn twice a day bad?,0,paraphrase,synthetic_simple_paraphrase,enriched_dataset_full.csv,train,pending
196857,What are the perks of being an IAS officer? What are the job pressures? How much do they earn?,What are the benefits of becoming an IAS officer?,1,related_but_not_duplicate,Duplicate label but weak lexical overlap (0.39).,ques_pairs.csv,train,pending
aug-257391,which are the advantages and disadvantages of bioremediation?,When has bioremediation been used and for what purpose?,0,paraphrase,synthetic_simple_paraphrase,enriched_dataset_full.csv,train,pending
265613,How can you determine the chemical formula for iron silver nitrate?,How is the chemical formula for iron carbonate determined?,0,partial_overlap,Moderate lexical overlap (0.43).,ques_pairs.csv,train,pending
177681,How can I see who views my Instagram video?,How can I see who views my Instagram?,1,paraphrase,High lexical overlap (0.89) with duplicate label.,ques_pairs.csv,train,pending
aug-322458,How do you know if you are bisexual or bicurious?,How do you know if you're bisexual or bicurious?,1,paraphrase,synthetic_simple_paraphrase,enriched_dataset_full.csv,train,pending
aug-61436,What can we learn from Lord Krishna?,Where is Lord Krishna's diamond?,0,paraphrase,synthetic_simple_paraphrase,enriched_dataset_full.csv,train,pending
aug-96497,What are some interesting facts which are not commonly known?,What are some lesser known but interesting facts about water?,0,paraphrase,synthetic_simple_paraphrase,enriched_dataset_full.csv,train,pending
aug-18479,Where can I good escorts service in Mumbai?,Has anyone used the escort services in Mumbai?,0,paraphrase,synthetic_simple_paraphrase,enriched_dataset_full.csv,train,pending
70381,I want to set up an export business from India. What is the suitable product that I can start within a low budget?,I want to set up a business exporting products to Trinidad & Tobago. What legal challenges will I face?,0,partial_overlap,Moderate lexical overlap (0.27).,ques_pairs.csv,train,pending
aug-100533,which can you say about these moles in palm?,Which is the best online certification course for excelling in content/copy writing for marketers? The course should also include SEO & SMM.,0,paraphrase,synthetic_simple_paraphrase,enriched_dataset_full.csv,train,pending
aug-288807,which are the blue reflectors on the street? What purpose do they serve?,What does the blue reflectors on the road do?,1,paraphrase,synthetic_simple_paraphrase,enriched_dataset_full.csv,train,pending
aug-398438,Why is a negative number multiplied by a negative number a positive number?,Why does multiplication of two negative numbers produce a positive number?,1,paraphrase,synthetic_simple_paraphrase,enriched_dataset_full.csv,train,pending
318759,Have the Ancient Mayans been scientifically tested?,Have the Ancient Anasazi been scientifically tested?,1,paraphrase,High lexical overlap (0.75) with duplicate label.,ques_pairs.csv,train,pending
370463,How can I ask a girl what she would like to do for a first date to ensure she will enjoy our time together?,How does a first kiss feel?,0,unrelated,Low lexical overlap (0.12).,ques_pairs.csv,train,pending
127677,How can you get the best grades at school?,How can I get the best grades/better grades at school?,1,paraphrase,High lexical overlap (0.73) with duplicate label.,ques_pairs.csv,train,pending
aug-300021,How should I break up with my girlfriend? I am conflicted?,How do I break up with my girlfriend?,1,paraphrase,synthetic_simple_paraphrase,enriched_dataset_full.csv,train,pending
aug-391959,How do you get rid of mosquitos in your car?,How do you get rid of mosquitoes?,0,paraphrase,synthetic_simple_paraphrase,enriched_dataset_full.csv,train,pending
aug-18613,What creative things I can do?,What are some creative things to do on Skype?,0,paraphrase,synthetic_simple_paraphrase,enriched_dataset_full.csv,train,pending
135688,What are some ways to contact Jesse Ventura?,How do I contact Jesse Ventura?,1,related_but_not_duplicate,Duplicate label but weak lexical overlap (0.27).,ques_pairs.csv,train,pending
aug-260164,What do you do when there is no water in the house?,I have removed the water from my house. Is the air in my house safe?,0,paraphrase,synthetic_simple_paraphrase,enriched_dataset_full.csv,train,pending
398880,UK vs. USA - which is better for the average middle class person?,What is average income of Middle class in India?,0,partial_overlap,Moderate lexical overlap (0.24).,ques_pairs.csv,train,pending
aug-99903,What did the dwarves on Sauron’s side do in the War of the Last Alliance?,Where were the Dwarves in the battle of the Last Alliance?,1,paraphrase,synthetic_simple_paraphrase,enriched_dataset_full.csv,train,pending
58959,What are some cool facts about Bill Gates?,What are some interesting facts about Bill Gates?,1,paraphrase,High lexical overlap (0.78) with duplicate label.,ques_pairs.csv,train,pending
aug-356495,What factors contributed to the success of vineyard vines?,What factors have contributed to the success of Vineyard Vines?,1,paraphrase,synthetic_simple_paraphrase,enriched_dataset_full.csv,train,pending
aug-250194,How can I get good marks in English in IBPS exam?,How do I build successful career in a sales job?,0,paraphrase,synthetic_simple_paraphrase,enriched_dataset_full.csv,train,pending
aug-110023,How do I get rid of acne scars on my face?,How did you get rid of acne scars on face?,0,paraphrase,synthetic_simple_paraphrase,enriched_dataset_full.csv,train,pending
61627,Which bus should I take to reach Abirami mall from CMBT?,How do I reach Katwaria Sarai from the bus or metro in Delhi?,0,partial_overlap,Moderate lexical overlap (0.20).,ques_pairs.csv,train,pending
aug-253339,Can you donate blood if you have herpes?,Can I donate blood after having herpes?,1,paraphrase,synthetic_simple_paraphrase,enriched_dataset_full.csv,train,pending
aug-180317,How should I study for 11th IIT-JEE self?,How to study for IIT-JEE?,0,paraphrase,synthetic_simple_paraphrase,enriched_dataset_full.csv,train,pending
46107,"In the English language, what is the correct usage of 'en route' in a sentence?","What is the usage of "" be of noun"" form in English sentence?",0,partial_overlap,Moderate lexical overlap (0.50).,ques_pairs.csv,train,pending
aug-253322,"What do venture capitalists think of social media start ups? Are they ""a dime, a dozen""?","London vs Dublin, which is the best city to run an start-up on social media and start to raise money?",0,paraphrase,synthetic_simple_paraphrase,enriched_dataset_full.csv,train,pending
aug-168531,which are statutory service and non-statutory services? How do they differ?,What are statutory services and non-statutory services? How do they differ?,1,paraphrase,synthetic_simple_paraphrase,enriched_dataset_full.csv,train,pending
aug-340233,What's the difference between tradition and culture?,What's the difference between culture and tradition?,1,paraphrase,synthetic_simple_paraphrase,enriched_dataset_full.csv,train,pending
101673,Who pay more income tax in India?,Who pays income tax in India?,1,paraphrase,High lexical overlap (0.62) with duplicate label.,ques_pairs.csv,train,pending
288483,Is love even for real?,"Is love ""real""?",1,paraphrase,High lexical overlap (0.60) with duplicate label.,ques_pairs.csv,train,pending
31229,What is the best advice you ever have received from your parents?,What is the best advice you ever received from your siblings?,0,related_but_not_duplicate,High lexical overlap (0.77) but not marked as duplicate.,ques_pairs.csv,train,pending
97497,What causes dogs to be so angry all the time?,What causes tigers to be so angry all the time?,0,related_but_not_duplicate,High lexical overlap (0.82) but not marked as duplicate.,ques_pairs.csv,train,pending
117791,Why were the mound builders important?,Why were Mound Builders important?,1,paraphrase,High lexical overlap (0.83) with duplicate label.,ques_pairs.csv,train,pending
288402,Why does a patient after accident & brain clot behave or talk abnormally?,I am an introvert. I don't know how I should behave. Am I abnormal?,0,unrelated,Low lexical overlap (0.05).,ques_pairs.csv,train,pending
275242,What is unusual or different about the food and cuisine in China?,What is unusual or different about the food and cuisine in Sweden?,0,related_but_not_duplicate,High lexical overlap (0.85) but not marked as duplicate.,ques_pairs.csv,train,pending
154385,How do I know your gay?,How do you know if you're gay?,0,partial_overlap,Moderate lexical overlap (0.44).,ques_pairs.csv,train,pending
aug-110241,Have you ever had sex with your sister before?,Is anyone had sex with your sister?,1,paraphrase,synthetic_simple_paraphrase,enriched_dataset_full.csv,train,pending
61735,Why some people pretend to be happy?,Why do people pretend to be happy?,1,paraphrase,High lexical overlap (0.75) with duplicate label.,ques_pairs.csv,train,pending
110150,Who won World War 2?,World War II: What country won World War II? Which country benefited most from the war?,0,partial_overlap,Moderate lexical overlap (0.23).,ques_pairs.csv,train,pending
aug-342914,How do I block a website in my nation,How can I block a website?,1,paraphrase,synthetic_simple_paraphrase,enriched_dataset_full.csv,train,pending
aug-162983,How can I learn machine learning?,What are some good books or references to get started with machine learning?,1,paraphrase,synthetic_simple_paraphrase,enriched_dataset_full.csv,train,pending
aug-166907,in what way can people believe that Earth is round?,"Why can so many people believe, without question, that the Earth is round but not that it might indeed be flat?",0,paraphrase,synthetic_simple_paraphrase,enriched_dataset_full.csv,train,pending
199243,How can a 15 year old guy lose body fat?,How long will it take for a 15-year-old to achieve a great body?,0,partial_overlap,Moderate lexical overlap (0.33).,ques_pairs.csv,train,pending
45553,What are the most common personality traits?,What are the common personality traits of mental disorders?,0,related_but_not_duplicate,High lexical overlap (0.60) but not marked as duplicate.,ques_pairs.csv,train,pending
aug-401616,What's it like to own the glyph is it worth buying?,Is Kaziranga University good?,0,paraphrase,synthetic_simple_paraphrase,enriched_dataset_full.csv,train,pending
aug-40219,What does passive aggressive means in men and women worlds?,What are some examples of passive-aggressive behavior?,0,paraphrase,synthetic_simple_paraphrase,enriched_dataset_full.csv,train,pending
63203,What is your mosquito story?,When do inspirational stories become depressing stories?,0,unrelated,Low lexical overlap (0.00).,ques_pairs.csv,train,pending
340373,Who are some lesser known important historical figures of Croatia and what should people know about them?,Who are some lesser known important historical figures of India and what should people know about them?,0,related_but_not_duplicate,High lexical overlap (0.89) but not marked as duplicate.,ques_pairs.csv,train,pending
398944,Where can I find a list of Android Phones running 2.3.3?,How do I upgrade the Android 2.3.6 to 4.0 on my Galaxy Y?,0,unrelated,Low lexical overlap (0.17).,ques_pairs.csv,train,pending
aug-284153,What is April Fools' Day?,What is the origin of April Fools' Day?,0,paraphrase,synthetic_simple_paraphrase,enriched_dataset_full.csv,train,pending
283108,Which are the best German universities for an MS in mechanical engineering for Indians?,Which are the best German universities for an MS in mechanical engineering?,0,related_but_not_duplicate,High lexical overlap (0.92) but not marked as duplicate.,ques_pairs.csv,train,pending
19817,Which car models falls under uber go category and under uber x in India?,What is Uber's business model?,0,unrelated,Low lexical overlap (0.06).,ques_pairs.csv,train,pending
179567,How would you make a billion dollars in an year if it is obligatory?,How do I make a billion dollars in a year?,0,partial_overlap,Moderate lexical overlap (0.44).,ques_pairs.csv,train,pending
298319,Which building has the best architecture in Israel?,Which building has the best architecture in Mumbai?,0,related_but_not_duplicate,High lexical overlap (0.78) but not marked as duplicate.,ques_pairs.csv,train,pending
313602,"I'm a B.Tech graduate in mechanical engineering. I'm good at my subject, but I want to do an MBA, if I opt for an MBA as my future. Does a degree have value too?",I completed mechanical engineering. I want to do a spray painting technology is good for future? Pls help me,0,partial_overlap,Moderate lexical overlap (0.27).,ques_pairs.csv,train,pending
125175,Are switchblades illegal in California? Why or why not?,Are switchblades legal in California? Why or why not?,1,paraphrase,High lexical overlap (0.78) with duplicate label.,ques_pairs.csv,train,pending
aug-320289,When will Apple update its MacBook Pro line?,When will Apple upgrade its MacBook Pro line to the Sandy Bridge processor?,1,paraphrase,synthetic_simple_paraphrase,enriched_dataset_full.csv,train,pending
aug-86700,Is there a way to get rid of acne naturally?,Is there any way that we can get rid of acne scars?,0,paraphrase,synthetic_simple_paraphrase,enriched_dataset_full.csv,train,pending
aug-205253,How do I become a concert pianist?,What does it take to be a concert pianist?,1,paraphrase,synthetic_simple_paraphrase,enriched_dataset_full.csv,train,pending
235775,"Which is more irritating, news about the Trumps or the Kardashians?",Why did Heinrich Ehrler purposely rammed his fighter to an enemy bomber?,0,unrelated,Low lexical overlap (0.00).,ques_pairs.csv,train,pending
aug-210057,What makes cotton soft?,What makes cotton a comfortable fabric?,0,paraphrase,synthetic_simple_paraphrase,enriched_dataset_full.csv,train,pending
aug-56458,Which CDN should I use for a video streaming site with a video size of 5 to 10 MB and majority of the users are being from India?,To all the ecommerce business owners out there what is the highest value problem that you are facing right now?,0,paraphrase,synthetic_simple_paraphrase,enriched_dataset_full.csv,train,pending
aug-102005,in what way do you self publish a book?,How can I publish my book on my own?,1,paraphrase,synthetic_simple_paraphrase,enriched_dataset_full.csv,train,pending
364827,"Love is a verb, noun or adjective?","Is Esperanto a noun and also an adjective itself. If not, does it have the adjective form?",0,partial_overlap,Moderate lexical overlap (0.21).,ques_pairs.csv,train,pending
395292,Explain why a government policy maker cannot afford to ignore economic theory?,Why can't a government policy maker ignore economic theory?,0,partial_overlap,Moderate lexical overlap (0.57).,ques_pairs.csv,train,pending
326421,What are some common mistakes guys make in a relationship?,What are some common mistakes that people make while in a relationship?,0,related_but_not_duplicate,High lexical overlap (0.69) but not marked as duplicate.,ques_pairs.csv,train,pending
aug-212528,What are adjectives to describe water?,What are adjective to describe air?,0,paraphrase,synthetic_simple_paraphrase,enriched_dataset_full.csv,train,pending
aug-140676,Why did Quora remove my question?,Why does Quora remove questions?,1,paraphrase,synthetic_simple_paraphrase,enriched_dataset_full.csv,train,pending
395786,Where is Julian Assange now?,Where is Julian Assange?,1,paraphrase,High lexical overlap (0.80) with duplicate label.,ques_pairs.csv,train,pending
273703,Why are there several chloroplasts in the plant cell?,"In a plant cell, what is the function of the vacuole?",0,partial_overlap,Moderate lexical overlap (0.27).,ques_pairs.csv,train,pending
aug-283721,What are the best casino games for android?,What are some interesting games for Android?,0,paraphrase,synthetic_simple_paraphrase,enriched_dataset_full.csv,train,pending
aug-36616,"Simple HTML/CSS websites, to practice my skills?",Do strong JavaScript skills define front end developers or their skills with HTML/CSS?,0,paraphrase,synthetic_simple_paraphrase,enriched_dataset_full.csv,train,pending
aug-8553,which is the best Python learning book for beginners?,What is the best beginner's book on Python?,1,paraphrase,synthetic_simple_paraphrase,enriched_dataset_full.csv,train,pending
aug-129696,Are nutrilite products over priced?,Are Amway nutrilite products worth their price conisdering their high cost?,0,paraphrase,synthetic_simple_paraphrase,enriched_dataset_full.csv,train,pending
aug-134447,What kind of wireless (Wi-Fi) router is right for me?,Which place to visit in Hyderabad (150km range) apart from golconda and film city?,0,paraphrase,synthetic_simple_paraphrase,enriched_dataset_full.csv,train,pending
348167,Who is the most beautiful woman you ever saw?,Who is the gorgeous woman that you ever seen?,1,related_but_not_duplicate,Duplicate label but weak lexical overlap (0.50).,ques_pairs.csv,train,pending
aug-387371,in what way can I find out what my majority retweeted tweet was?,Which is the most retweeted tweet as of today?,0,paraphrase,synthetic_simple_paraphrase,enriched_dataset_full.csv,train,pending
134237,What does this sentence in Arabic say?,What does this arabic sentence mean?,0,related_but_not_duplicate,High lexical overlap (0.62) but not marked as duplicate.,ques_pairs.csv,train,pending
165889,"What future holds security industry in India, knowing that 99% of companies in India are non compliant and what could be the solution for this issue?",Which demographics typically enjoy anime?,0,unrelated,Low lexical overlap (0.00).,ques_pairs.csv,train,pending
101048,"What is the food you can eat every day for breakfast, lunch and dinner?",Is it healthy to eat a tomato every day?,1,related_but_not_duplicate,Duplicate label but weak lexical overlap (0.21).,ques_pairs.csv,train,pending
aug-21454,anorexia? is What,What do you think about anorexia?,0,paraphrase,synthetic_simple_paraphrase,enriched_dataset_full.csv,train,pending
aug-20121,Who (if anyone) benefits from global warming?,Who would benefit from global warming?,1,paraphrase,synthetic_simple_paraphrase,enriched_dataset_full.csv,train,pending
aug-232785,Do we live in a society that encourages conformity and discourages questioning authority/free thinking?,Are there dating sites for this or should I just find her here in real life?,0,paraphrase,synthetic_simple_paraphrase,enriched_dataset_full.csv,train,pending
aug-244153,How can I promote my YouTube channel if my content is different?,Why are video games so addictive?,0,paraphrase,synthetic_simple_paraphrase,enriched_dataset_full.csv,train,pending
168717,What is main reason of rape in India?,What is the main reason behind increased sexual violence against women in India?,1,related_but_not_duplicate,Duplicate label but weak lexical overlap (0.40).,ques_pairs.csv,train,pending
aug-256214,Where can I find a chart showing in what way to mix food coloring to make the most colors?,What colors make up burgundy?,0,paraphrase,synthetic_simple_paraphrase,enriched_dataset_full.csv,train,pending
105503,What will the world be like in 100 years from now?,What would the world be like after a 100 years?,1,related_but_not_duplicate,Duplicate label but weak lexical overlap (0.50).,ques_pairs.csv,train,pending
aug-168834,which is it like to have first time sex?,When was your first sex experience?,1,paraphrase,synthetic_simple_paraphrase,enriched_dataset_full.csv,train,pending
aug-14430,Where can I find a writing 101 book?,Is it hard to write a book?,0,paraphrase,synthetic_simple_paraphrase,enriched_dataset_full.csv,train,pending
280879,What is the best way to start learning algorithms for a non-programmers?,What is the best way to learn Algorithm?,1,related_but_not_duplicate,Duplicate label but weak lexical overlap (0.40).,ques_pairs.csv,train,pending
aug-325801,earth? on places natural beautiful Most,What are some of the most beautiful places on earth?,0,paraphrase,synthetic_simple_paraphrase,enriched_dataset_full.csv,train,pending
91110,Why do some people on QUORA ask questions that they can easily findout on Google?,Why do people ask basic questions instead of searching them?,1,related_but_not_duplicate,Duplicate label but weak lexical overlap (0.26).,ques_pairs.csv,train,pending
149873,How come everyone stares at you in public for no reason?,How do attractive men cope with being constantly stared at in public places?,0,partial_overlap,Moderate lexical overlap (0.20).,ques_pairs.csv,train,pending
53738,Could former Wehrmacht soldiers serving in the Bundeswehr wear their WW2 medals given the de-nazification laws?,What can be used as a substitute for liquid aminos?,0,unrelated,Low lexical overlap (0.00).,ques_pairs.csv,train,pending
140074,What are the tips to prepare for competitive exams?,How should I prepare for competitive exam?,1,related_but_not_duplicate,Duplicate label but weak lexical overlap (0.23).,ques_pairs.csv,train,pending
284272,How do you know when it is true love?,How do know that you are in love?,1,related_but_not_duplicate,Duplicate label but weak lexical overlap (0.42).,ques_pairs.csv,train,pending
aug-294001,Is there evidence for gold in space?,Guys can y'all do a year without sex if u not a virgin but she is a virgin can y'all?,0,paraphrase,synthetic_simple_paraphrase,enriched_dataset_full.csv,train,pending
318748,How do I download faster from torrent?,How do I download bigger files from torrent?,0,related_but_not_duplicate,High lexical overlap (0.67) but not marked as duplicate.,ques_pairs.csv,train,pending
357513,Can you predict my future?,How can I predict my future?,0,partial_overlap,Moderate lexical overlap (0.57).,ques_pairs.csv,train,pending
241068,Why are stromatolites so important?,Why are stromatolites important?,1,paraphrase,High lexical overlap (0.80) with duplicate label.,ques_pairs.csv,train,pending
369118,How is replacing 1000 rs notes with 2000 rs notes going to make black money hoarding a lot harder?,Would banning notes of denominations 500 and 1000 help to curb the black money in system?,1,related_but_not_duplicate,Duplicate label but weak lexical overlap (0.18).,ques_pairs.csv,train,pending
298834,What are some things new employees should know going into their first day at Stamps.com?,What are some things new employees should know going into their first day at Globant?,0,related_but_not_duplicate,High lexical overlap (0.82) but not marked as duplicate.,ques_pairs.csv,train,pending
aug-341213,in what way do I aggregate sports betting odds?,How are sports betting odds calculated?,0,paraphrase,synthetic_simple_paraphrase,enriched_dataset_full.csv,train,pending
218767,"What is the difference between Ibuprofen, Advil and Motrin?",What is the sweet flavor of Advil?,0,partial_overlap,Moderate lexical overlap (0.33).,ques_pairs.csv,train,pending
aug-328971,in what way do you overcome depression and loneliness?,How does anyone overcome depression?,1,paraphrase,synthetic_simple_paraphrase,enriched_dataset_full.csv,train,pending
aug-82952,What percent of people can survive a direct hit to the head from a Desert Eagle 50AE?,What is the one shot stop percentage with a Desert eagle 50AE?,1,paraphrase,synthetic_simple_paraphrase,enriched_dataset_full.csv,train,pending
aug-13522,"To people who don't care about politics and who don't vote: why, out of curiosity?",Politicians continue to disappoint. Why don't we vote for issues rather than people who promise to push for those issues (and then don't)?,0,paraphrase,synthetic_simple_paraphrase,enriched_dataset_full.csv,train,pending
172990,How do I change email address?,Can I change my current email address? How?,1,related_but_not_duplicate,Duplicate label but weak lexical overlap (0.56).,ques_pairs.csv,train,pending
284418,How do movie or TV series directors choose actors or actress?,What are the pros and cons between acting in a television series vs. a movie?,0,unrelated,Low lexical overlap (0.09).,ques_pairs.csv,train,pending
16788,What actually happened in Babylon?,How did the Sphinx lose its nose?,0,unrelated,Low lexical overlap (0.00).,ques_pairs.csv,train,pending
112028,What does a kiss on the neck mean?,What does it mean when a guy is sucking on your neck?,0,partial_overlap,Moderate lexical overlap (0.43).,ques_pairs.csv,train,pending
358930,What are some technical questions asked during an interview in a core electronics engineering company?,What are some technical questions asked during an interview in a core electrical engineering company?,1,paraphrase,High lexical overlap (0.88) with duplicate label.,ques_pairs.csv,train,pending
187624,How do I become Deputy commissioner of police?,How can I become Deputy commissioner of police?,1,paraphrase,High lexical overlap (0.78) with duplicate label.,ques_pairs.csv,train,pending
aug-187412,How do I understand the difference between the Hindu calendar and the Gregorian calendar? My Hindu friend says his date of birth falls on a different day on the Hindu calendar every year. What is the difference?,Does the Gregorian calendar start at Jesus's death or birth?,0,paraphrase,synthetic_simple_paraphrase,enriched_dataset_full.csv,train,pending
aug-103999,How can I find out my bank account number?,How do you determine your bank account number?,1,paraphrase,synthetic_simple_paraphrase,enriched_dataset_full.csv,train,pending
aug-35322,I am 14 years and I want to lose 10 kg in 15 to 20 days which should be a vegetarian diet plan for me?,I want to be a businessman. I also have plans for an MBA and currently I'm a 3rd year student in an engineering college. What should I do now which will help me the most in the future?,0,paraphrase,synthetic_simple_paraphrase,enriched_dataset_full.csv,train,pending
25918,Which quality you like the most about MS Dhoni?,What are the bad qualities of MS Dhoni?,0,partial_overlap,Moderate lexical overlap (0.21).,ques_pairs.csv,train,pending
aug-380227,What kinds of anti-gravity performance tests do astronauts need to go through?,What kind if training do astronauts in NASA go through?,0,paraphrase,synthetic_simple_paraphrase,enriched_dataset_full.csv,train,pending
71167,What hosting provider is the best?,Which is the best and reasonable web hosting service provider in India?,0,partial_overlap,Moderate lexical overlap (0.38).,ques_pairs.csv,train,pending
aug-176293,What is something You will never forget?,What is something you'll never forget?,1,paraphrase,synthetic_simple_paraphrase,enriched_dataset_full.csv,train,pending
aug-140792,Should I study computer engineering if I don't like programming?,What is the better subject to study if I am interested in Computer hardware? Electrical and Electronics Engineering or Power and Electrical Engineering.,0,paraphrase,synthetic_simple_paraphrase,enriched_dataset_full.csv,train,pending
296009,How do I lose 30 pounds?,How do I lose 15 kilos?,1,related_but_not_duplicate,Duplicate label but weak lexical overlap (0.50).,ques_pairs.csv,train,pending
aug-118899,which are hidden Friend Requests on Facebook and how do they work?,What are hidden Friend Requests on Facebook? How can they be found?,1,paraphrase,synthetic_simple_paraphrase,enriched_dataset_full.csv,train,pending
389775,How do I get a list of all my Gmail accounts?,How can I find all my Gmail IDs?,1,related_but_not_duplicate,Duplicate label but weak lexical overlap (0.36).,ques_pairs.csv,train,pending
330680,"What can I do if I've left my job to start a business of my own, don't have work, and am very stressed?",I am a very busy person and I run my own company; how do I keep track of what my children do from my desk?,0,partial_overlap,Moderate lexical overlap (0.30).,ques_pairs.csv,train,pending
aug-170392,which is it like to live without caring about what people think of you?,How do people without emotions live and think?,0,paraphrase,synthetic_simple_paraphrase,enriched_dataset_full.csv,train,pending
208620,Is it a sin to masturbate while watching porn?,Is watching porn sinful?,0,partial_overlap,Moderate lexical overlap (0.30).,ques_pairs.csv,train,pending
aug-241900,Which is the best book to prepare for SSC CGL tier 2 2016?,Which book should be followed for preparation of SSC CGL Tier 2 (Both English and Quant)?,1,paraphrase,synthetic_simple_paraphrase,enriched_dataset_full.csv,train,pending
aug-332111,When is a proper 3DS emulator going to be launched?,Is there a working Nintendo 3DS emulator for PC?,1,paraphrase,synthetic_simple_paraphrase,enriched_dataset_full.csv,train,pending
aug-116920,in what way do I learn to observe people like Sherlock Holmes?,Is it really possible to think like Sherlock Holmes?,1,paraphrase,synthetic_simple_paraphrase,enriched_dataset_full.csv,train,pending
aug-266192,How do I build a toothpick bridge?,What are some tutorials for building a toothpick bridge?,0,paraphrase,synthetic_simple_paraphrase,enriched_dataset_full.csv,train,pending
aug-192425,When will we achieve immortality?,Do you think mankind will ever achieve immortality?,1,paraphrase,synthetic_simple_paraphrase,enriched_dataset_full.csv,train,pending
136013,What is the most wrong someone has been when guessing your age?,"What do people really mean when they say someone (mostly a celebrity) has ""aged well""?",0,unrelated,Low lexical overlap (0.17).,ques_pairs.csv,train,pending
219623,Why would you jailbreak a PS3?,How do I jailbreak my PS3?,0,partial_overlap,Moderate lexical overlap (0.20).,ques_pairs.csv,train,pending
aug-259474,How do I take cool portrait photos with an all black background?,How do you create a black background photo?,0,paraphrase,synthetic_simple_paraphrase,enriched_dataset_full.csv,train,pending
aug-317554,What are the best Nespresso capsule flavors?,What are some reviews of Nespresso refillable pods?,0,paraphrase,synthetic_simple_paraphrase,enriched_dataset_full.csv,train,pending
67017,How can Jio work in a 3G phone?,How is Jio 3G?,1,related_but_not_duplicate,Duplicate label but weak lexical overlap (0.33).,ques_pairs.csv,train,pending
154930,Is online Rummy games legal in India (Tamilnadu)?,Is online rummy legal in India (Tamilnadu)?,0,related_but_not_duplicate,High lexical overlap (0.88) but not marked as duplicate.,ques_pairs.csv,train,pending
125258,I'm in love with my junior. What should I do?,Am I crazy for wishing I lived in more turbulent times for war has been the defining moment for many great things?,0,unrelated,Low lexical overlap (0.07).,ques_pairs.csv,train,pending
aug-31661,Which is the best online grocery shopping website in Banglore?,Which is the best online grocery shopping website in Delhi?,0,paraphrase,synthetic_simple_paraphrase,enriched_dataset_full.csv,train,pending
aug-59400,Will drinking warm water after meals help in weight loss?,Is it okay to drink ice-cold water right after drinking hot coffee?,0,paraphrase,synthetic_simple_paraphrase,enriched_dataset_full.csv,train,pending
aug-43319,Discuss the legal rights of minors in juvenile delinquency?,Can castor oil permanently damage hair?,0,paraphrase,synthetic_simple_paraphrase,enriched_dataset_full.csv,train,pending
aug-20725,How will I know that someone is tracking my phone?,How do I know when someone is tracking my phone?,1,paraphrase,synthetic_simple_paraphrase,enriched_dataset_full.csv,train,pending
210544,How do I start a good conversation with an old friend?,How do I start a conversation with old friends?,1,paraphrase,High lexical overlap (0.67) with duplicate label.,ques_pairs.csv,train,pending
aug-361095,which is the most popular programming language in 2016?,What is the most popular programming language in this year?,1,paraphrase,synthetic_simple_paraphrase,enriched_dataset_full.csv,train,pending
57062,What is the most cringe-worthy thing your children have said either to or in front of you?,"What is the most disturbing thing your kid has said when talking about their ""imaginary friend""?",0,partial_overlap,Moderate lexical overlap (0.26).,ques_pairs.csv,train,pending
aug-251753,which is the best theme park in your opinion?,What are some of the best theme parks you've been to?,1,paraphrase,synthetic_simple_paraphrase,enriched_dataset_full.csv,train,pending
12541,"As MSD is mentoring the Jharkhand team, and me being his die-hard fan, what are my chances of meeting him tomorrow and having his autograph?",What do you know? Ell me something about voluspa?,0,unrelated,Low lexical overlap (0.06).,ques_pairs.csv,train,pending
190209,How does the life of a marine engineer goes?,What is the life of a marine engineer like?,1,related_but_not_duplicate,Duplicate label but weak lexical overlap (0.50).,ques_pairs.csv,train,pending
aug-46634,in what way did Donald trump win the elections?,How did Trump win America's vote?,1,paraphrase,synthetic_simple_paraphrase,enriched_dataset_full.csv,train,pending
aug-320283,"I m a stdnt of b.tech, plcd in Wipro. Does any1 has any idea about wen will the last batch of trning start for stdnts placed in Wipro from 2016 btch?",How many people have been killed by CIA (the US government) so far?,0,paraphrase,synthetic_simple_paraphrase,enriched_dataset_full.csv,train,pending
119010,How does Chinese cheese compare to Italian cheese?,How does Chinese cheese compare to Canadian cheese?,0,related_but_not_duplicate,High lexical overlap (0.75) but not marked as duplicate.,ques_pairs.csv,train,pending
148798,What is the process and cost for setting up a legal distilling operation in California?,Is it legal in calif. to make distilled liquor for personal use?,0,unrelated,Low lexical overlap (0.17).,ques_pairs.csv,train,pending
157649,How do I earn more money in malaysia?,What should I do to earn some more money?,0,partial_overlap,Moderate lexical overlap (0.42).,ques_pairs.csv,train,pending
aug-340635,"If a man from Syro Malankara church marries a Syro-Malabar girl, can they join a Syro-Malabar parish?",Is Malabar Hills of Mumbai anyhow related to Malabar of Kerala?,0,paraphrase,synthetic_simple_paraphrase,enriched_dataset_full.csv,train,pending
aug-41231,To what extent does consistency of med. ingestion time impact drugs’ therapeutic efficacy?,"My 3 yr old son cries continuously in a day care. Its been a month. Initially he was ok, but later when we extended his stay, the situation worsened?",0,paraphrase,synthetic_simple_paraphrase,enriched_dataset_full.csv,train,pending
aug-375270,Is Jon Snow a warg?,Can Jon Snow warg?,1,paraphrase,synthetic_simple_paraphrase,enriched_dataset_full.csv,train,pending
aug-141857,Why are lion groups called 'pride'?,Who will win a fight between a tiger and a lion?,0,paraphrase,synthetic_simple_paraphrase,enriched_dataset_full.csv,train,pending
aug-4241,Can I not use Facebook Workplace without a unique domain email address?,How do I recover my Facebook email and password?,1,paraphrase,synthetic_simple_paraphrase,enriched_dataset_full.csv,train,pending
aug-243552,How can I pass the FCNSA.v5 exam?,How can I pass the ACMA_6.1 exam?,0,paraphrase,synthetic_simple_paraphrase,enriched_dataset_full.csv,train,pending
aug-260966,colour? favourite your is What,What's your favorite colour?,1,paraphrase,synthetic_simple_paraphrase,enriched_dataset_full.csv,train,pending
172773,How can I get rid of a stink bug smell?,What is the best way to get rid of stink bugs?,1,related_but_not_duplicate,Duplicate label but weak lexical overlap (0.24).,ques_pairs.csv,train,pending
373633,What would be the effects of smoking one cigarette a day?,What is the effect if I smoke half a cigarette a day?,0,partial_overlap,Moderate lexical overlap (0.29).,ques_pairs.csv,train,pending
125809,Can a neutron star last indefinitely? What is the ultimate fate of a neutron star if neutron degenerate matter is stable against beta decay?,Will a person be harmed if he/she goes within 1Km of a neutron star?,0,unrelated,Low lexical overlap (0.18).,ques_pairs.csv,train,pending
aug-44777,I have done my graduation in economics honours. I am now going to do my master's from Calcutta University. I really don't know whether doing my master's from Calcutta University or not. Is it a good idea?,"I am graduating in Economics from DU. I want to pursue masters in economics, please suggest good universities in US for my course?",0,paraphrase,synthetic_simple_paraphrase,enriched_dataset_full.csv,train,pending
390166,What does a dollar sign mean in an Excel formula?,Why is the concatenate Excel formula not working? How can you fix it?,0,unrelated,Low lexical overlap (0.10).,ques_pairs.csv,train,pending
aug-388292,Harvard College Courses: What is general shopping advice for Armenian classes?,Harvard College Courses: What is general shopping advice for Chinese classes?,0,paraphrase,synthetic_simple_paraphrase,enriched_dataset_full.csv,train,pending
aug-161256,Will Donald Trump carry out all of his promises from the election that he won?,Is Donald Trump making campaign promises that he can't realistically keep?,1,paraphrase,synthetic_simple_paraphrase,enriched_dataset_full.csv,train,pending
aug-48120,"How can the drive from Edmonton to Auckland be described, and in what way do these cities' attractions compare to those in Toronto?","How can the drive from Edmonton to Auckland be described, and how do these cities' attractions compare to those in Hamilton?",1,paraphrase,synthetic_simple_paraphrase,enriched_dataset_full.csv,train,pending
aug-320974,"Why are Facebook, Google, and others not allowed in China?","Why are Google, Facebook, YouTube and other social networking sites banned in China?",1,paraphrase,synthetic_simple_paraphrase,enriched_dataset_full.csv,train,pending
aug-36356,"Which are the best seo companies in Delhi/Ncr, India?",How do I find the best SEO company in Delhi?,1,paraphrase,synthetic_simple_paraphrase,enriched_dataset_full.csv,train,pending
299863,Can you write an expression for essentially anything?,"If you have an idea for an android game but are a poor programmer, is there anything you can do barring learning programming?",0,partial_overlap,Moderate lexical overlap (0.21).,ques_pairs.csv,train,pending
aug-374148,Where do I find a simple to understand solution on how to lose weight?,I'm overweight. How can I begin to lose weight?,1,paraphrase,synthetic_simple_paraphrase,enriched_dataset_full.csv,train,pending
344193,Should we have hope in the world?,Is there hope for the world?,0,partial_overlap,Moderate lexical overlap (0.30).,ques_pairs.csv,train,pending
aug-107261,height? your increase you can How,How do I increase my height after 16?,1,paraphrase,synthetic_simple_paraphrase,enriched_dataset_full.csv,train,pending
352504,What led to Cyrus Mistry ouster from TATA GROUP?,Why did Tata group fire Cyrus Mistry from chairman post?,1,related_but_not_duplicate,Duplicate label but weak lexical overlap (0.36).,ques_pairs.csv,train,pending
aug-87363,What are the arguments for the abolition of the British Monarchy?,Should the UK abolish the monarchy?,0,paraphrase,synthetic_simple_paraphrase,enriched_dataset_full.csv,train,pending
333767,"What are some songs with the word ""baby"" in the title?",What are some songs with the word “river” in the title?,0,related_but_not_duplicate,High lexical overlap (0.82) but not marked as duplicate.,ques_pairs.csv,train,pending
aug-265804,How do I get started with Android application development?,"What should I use for Android development, Android Studio or Eclipse?",0,paraphrase,synthetic_simple_paraphrase,enriched_dataset_full.csv,train,pending
aug-292822,which does Balaji Viswanathan think of Donald Trump's victory?,What does Balaji Viswanathan think about the unexpected win of Donald Trump?,1,paraphrase,synthetic_simple_paraphrase,enriched_dataset_full.csv,train,pending
aug-302003,What would be the best answer to 'Why should we select you?' asked in MBA placement interviews?,When a competition asks why should we be selected; what is the best answer we should give to confirm our selection?,0,paraphrase,synthetic_simple_paraphrase,enriched_dataset_full.csv,train,pending
383981,How do I transfer songs from the iPad to a computer?,How do you transfer songs from an iPad to an iPod?,0,partial_overlap,Moderate lexical overlap (0.50).,ques_pairs.csv,train,pending
aug-17797,hackers? hat Blue,"How much has real estate prices increased in Sofia, Bulgaria within the last 5 years?",0,paraphrase,synthetic_simple_paraphrase,enriched_dataset_full.csv,train,pending
aug-281610,How would life be after death?,What are the theories as to what happens after death?,1,paraphrase,synthetic_simple_paraphrase,enriched_dataset_full.csv,train,pending
aug-63330,What are some sad and emotional songs that could make me cry?,Which songs did make you cry ever?,1,paraphrase,synthetic_simple_paraphrase,enriched_dataset_full.csv,train,pending
223137,Do Trump supporters think they don't live in a bubble?,Why are evangelicals supporting 2016 Presidential candidate Donald Trump?,0,unrelated,Low lexical overlap (0.05).,ques_pairs.csv,train,pending
108655,What's the funniest fiction book you've ever read?,What is the funniest book you have ever read?,1,related_but_not_duplicate,Duplicate label but weak lexical overlap (0.58).,ques_pairs.csv,train,pending
aug-27469,What does it means that I dream about someone who I hate the most?,What does it mean to dream about someone smoking?,0,paraphrase,synthetic_simple_paraphrase,enriched_dataset_full.csv,train,pending
aug-154825,"If according to science, energy can neither be created nor destroyed, then in what way did the universe come into being?",Is there a limit on the amount of energy in the universe when it can't be created nor destroyed?,0,paraphrase,synthetic_simple_paraphrase,enriched_dataset_full.csv,train,pending
119942,What is your short and sad love story?,What is a short sad story?,1,related_but_not_duplicate,Duplicate label but weak lexical overlap (0.56).,ques_pairs.csv,train,pending
aug-385459,How do I know whether my phone has LTE/4G support or not?,Does Reliance Jio 4G requires a LTE SIM Cards or VOLTE compatible Handset? Can we use data on current phone over a WiFi?,0,paraphrase,synthetic_simple_paraphrase,enriched_dataset_full.csv,train,pending
aug-28132,Where is Robert Frost?,Is Robert Frost related to THE Robert Frost?,0,paraphrase,synthetic_simple_paraphrase,enriched_dataset_full.csv,train,pending
273421,What is the speed of time?,What is the speed of time? Can we define it?,1,paraphrase,High lexical overlap (0.60) with duplicate label.,ques_pairs.csv,train,pending
103382,What are the best places to visit in Chandigarh?,What Should I Do When I Travel to X?: What is the best place to visit in Chandigarh?,1,related_but_not_duplicate,Duplicate label but weak lexical overlap (0.41).,ques_pairs.csv,train,pending
aug-249676,What are some good songs to listen to when you're anxious?,What are some good songs to listen to when depressed?,0,paraphrase,synthetic_simple_paraphrase,enriched_dataset_full.csv,train,pending
233230,Who are some lesser known important historical figures of Belize and what should people know about them?,Who are some lesser known important historical figures of India and what should people know about them?,0,related_but_not_duplicate,High lexical overlap (0.89) but not marked as duplicate.,ques_pairs.csv,train,pending
43237,"What's the difference between love, passion and infatuation?",What is the difference between love and infatuation?,0,related_but_not_duplicate,High lexical overlap (0.70) but not marked as duplicate.,ques_pairs.csv,train,pending
aug-95855,Is there a way to improve my eyesight to have perfect vision even when I already have myopia?,Do you know Telugu language?,0,paraphrase,synthetic_simple_paraphrase,enriched_dataset_full.csv,train,pending
aug-155775,What is the corporate culture like at Corning? How is the culture different than other companies?,What is the corporate culture like at Netflix? How is the culture different than other companies?,0,paraphrase,synthetic_simple_paraphrase,enriched_dataset_full.csv,train,pending
342662,How do I say '#' on German?,How do you say yes in German?,0,partial_overlap,Moderate lexical overlap (0.44).,ques_pairs.csv,train,pending
aug-28976,p+q? is which then 0.7=p/q If,If I win the lottery and run away from my abusive parents. Can they sue me or find me or something?,0,paraphrase,synthetic_simple_paraphrase,enriched_dataset_full.csv,train,pending
376767,How do I raise my MMR from 2000 to 3000 in dota 2?,Online .TEchnical.support at 1877=778=8969 Escan Antivirus Customer Care Number?,0,unrelated,Low lexical overlap (0.00).,ques_pairs.csv,train,pending
aug-304425,What's love for a teenager?,What is love to a teenager?,1,paraphrase,synthetic_simple_paraphrase,enriched_dataset_full.csv,train,pending
aug-365921,How will the H1-B visa process change due to a Trump presidency?,What is the difference between H1 and H1-B visa?,0,paraphrase,synthetic_simple_paraphrase,enriched_dataset_full.csv,train,pending
aug-400270,in what way much time does it take for a loan to be disbursed?,Why does the SBI take much more time to provide education loans rather than car or house loans?,0,paraphrase,synthetic_simple_paraphrase,enriched_dataset_full.csv,train,pending
aug-205697,What websites or apps do you usually visit?,What websites do you usually start your day with?,1,paraphrase,synthetic_simple_paraphrase,enriched_dataset_full.csv,train,pending
399762,How do you see a deleted comment on instagram?,Does Instagram API provide commenting and deleting post?,0,unrelated,Low lexical overlap (0.06).,ques_pairs.csv,train,pending
aug-382958,What happens to the matter that forms a black hole?,What happens to matter that enters a black hole?,1,paraphrase,synthetic_simple_paraphrase,enriched_dataset_full.csv,train,pending
aug-374415,which are the best email services that provide secure and encrypted email?,What is the best email service?,0,paraphrase,synthetic_simple_paraphrase,enriched_dataset_full.csv,train,pending
aug-2869,in what way can someone predict the future with mathematics?,How can someone predict the future?,0,paraphrase,synthetic_simple_paraphrase,enriched_dataset_full.csv,train,pending
aug-215883,Why am I angry with myself?,Why am I so angry with him?,0,paraphrase,synthetic_simple_paraphrase,enriched_dataset_full.csv,train,pending
aug-379242,in what way much did Raktim Mitra score in WBJEE 2015?,What were expected ranks according to score for wbJEE 2016?,0,paraphrase,synthetic_simple_paraphrase,enriched_dataset_full.csv,train,pending
aug-197562,which are the best ways to use SparkNotes?,How do you use SparkNotes to study?,0,paraphrase,synthetic_simple_paraphrase,enriched_dataset_full.csv,train,pending
aug-257901,in what way do I download a Google drive file?,How can I download Google Drive files to my tablet?,0,paraphrase,synthetic_simple_paraphrase,enriched_dataset_full.csv,train,pending
aug-260554,which are the different types of agriculture and in what way are they practiced?,How are the different types of agriculture important?,0,paraphrase,synthetic_simple_paraphrase,enriched_dataset_full.csv,train,pending
aug-143451,How would it affect society if the female population exceeds the male population?,What would the world be like if the entire female population was greater than the male population?,1,paraphrase,synthetic_simple_paraphrase,enriched_dataset_full.csv,train,pending
aug-222878,How painful would it be to have your throat slit?,What is the sharp pain in my throat when I swallow?,0,paraphrase,synthetic_simple_paraphrase,enriched_dataset_full.csv,train,pending
aug-23453,Are projection transformation affine?,Is this an affine transformation?,0,paraphrase,synthetic_simple_paraphrase,enriched_dataset_full.csv,train,pending
aug-73529,Will there ever be a cure for diabetes? Why or why not?,Will there ever be a cure for diabetes?,1,paraphrase,synthetic_simple_paraphrase,enriched_dataset_full.csv,train,pending
aug-24358,which is biggest difference between Chinese and Western cultures?,What are the major differences between Chinese and western culture?,1,paraphrase,synthetic_simple_paraphrase,enriched_dataset_full.csv,train,pending
43686,"How do we break the ""snobbish Jew"" stereotype?",What are some ways to break stereotypes?,0,unrelated,Low lexical overlap (0.07).,ques_pairs.csv,train,pending
aug-31818,"What are the best activities to do with children when visiting Baku, Azerbaijan?",Can I join the military with ADD?,0,paraphrase,synthetic_simple_paraphrase,enriched_dataset_full.csv,train,pending
50435,What is the best email bulk sender that can customize yourself email sending template?,Is it safe to drink powdered milk two months after its expiraton date?,0,unrelated,Low lexical overlap (0.04).,ques_pairs.csv,train,pending
aug-301559,"which was the significance of the battle of Somme, and in what way did this battle compare and contrast to the Battle of Keren?",What is the significance of the Battle of the Somme?,0,paraphrase,synthetic_simple_paraphrase,enriched_dataset_full.csv,train,pending
aug-101138,My last post on Blogger platform doesn't appear on friends blogroll. How can I fix it?,"In Blogger, is there any way to make all the comments appear directly below the post?",0,paraphrase,synthetic_simple_paraphrase,enriched_dataset_full.csv,train,pending
aug-20473,in what way often does Elon Musk work 168 hours a week?,"Elon Musk works 100 hours a week, but does he take breaks during those 100 hours? Does he do the Elon equivalent of browsing reddit for 20 minutes?",0,paraphrase,synthetic_simple_paraphrase,enriched_dataset_full.csv,train,pending
aug-152818,How can we stop the war in Syria?,How can I stop war in Syria?,1,paraphrase,synthetic_simple_paraphrase,enriched_dataset_full.csv,train,pending
55628,"What are some lesser-known sights to see when visiting Palmas, Brazil?","What are some lesser-known sights to see when visiting Ibirité, Brazil?",0,related_but_not_duplicate,High lexical overlap (0.85) but not marked as duplicate.,ques_pairs.csv,train,pending
aug-185091,What was Haruki Murakami's father like?,Who is Haruki Murakami?,0,paraphrase,synthetic_simple_paraphrase,enriched_dataset_full.csv,train,pending
196024,What are the alternatives of torrent?,What is the alternate for torrent?,1,related_but_not_duplicate,Duplicate label but weak lexical overlap (0.33).,ques_pairs.csv,train,pending
303565,How India will be benifited by Donald Trump's win in US presidential election?,What does Trump's win mean for India?,1,related_but_not_duplicate,Duplicate label but weak lexical overlap (0.22).,ques_pairs.csv,train,pending
aug-45804,What are the best way to invest money?,What will be the best way to invest money?,1,paraphrase,synthetic_simple_paraphrase,enriched_dataset_full.csv,train,pending
219125,What are the differences between gingivitis and periodontitis? How are they treated?,What is the difference between gingivitis and periodontitis and how are both of them treated?,1,related_but_not_duplicate,Duplicate label but weak lexical overlap (0.56).,ques_pairs.csv,train,pending
304776,Why isn't Nikola Tesla's dynamic theory of gravity used instead of Einstein's relativity theory?,How does Einstein’s theory of gravity explain why an object falls to the ground?,0,partial_overlap,Moderate lexical overlap (0.26).,ques_pairs.csv,train,pending
160269,Can I claim NI back as I will be leaving UK after working a year here?,Where do you go to get a surety bond?,0,unrelated,Low lexical overlap (0.04).,ques_pairs.csv,train,pending
aug-390505,How do I integrate x*sqrt(x+a)?,How do I integrate (1) / (x*sqrt(x))?,0,paraphrase,synthetic_simple_paraphrase,enriched_dataset_full.csv,train,pending
aug-16787,which is the bad thing about quora?,What are the bad things about Quora?,1,paraphrase,synthetic_simple_paraphrase,enriched_dataset_full.csv,train,pending
122233,What type of questions are asked in DAT entrance exam at NID for UG?,Is BRDS at Thane good for NID entrance exam?,0,partial_overlap,Moderate lexical overlap (0.28).,ques_pairs.csv,train,pending
304513,What does Amazon do if you receive your Prime package late?,My Amazon Prime Now is often late. What can I do to prevent this?,0,partial_overlap,Moderate lexical overlap (0.25).,ques_pairs.csv,train,pending
aug-61845,Is it okay to list a job experience in my CV as confidential?,Is it ever okay not to add work experience to your job applications?,0,paraphrase,synthetic_simple_paraphrase,enriched_dataset_full.csv,train,pending
aug-83576,in what way should one get over a bad day at work?,How do you not let a bad day at work get to you?,0,paraphrase,synthetic_simple_paraphrase,enriched_dataset_full.csv,train,pending
aug-220093,Who was behind the invention of the light bulb?,Who invented the light bulb? How did this invention impact the world?,1,paraphrase,synthetic_simple_paraphrase,enriched_dataset_full.csv,train,pending
aug-254590,Pakistan Bollywood stars are asked to leave India- Is this right or not?,Is it right to ask the Pakistan Bollywood stars to leave India?,1,paraphrase,synthetic_simple_paraphrase,enriched_dataset_full.csv,train,pending
aug-59957,Why does the entire village just drop everything and set sail at the end of Moana?,Sunglasses: what are the best customer acquisition channels for such product in the USA?,0,paraphrase,synthetic_simple_paraphrase,enriched_dataset_full.csv,train,pending
aug-48442,How can you make money from Quora?,How can I earn money through Quora?,1,paraphrase,synthetic_simple_paraphrase,enriched_dataset_full.csv,train,pending
184135,I want to start to learning how to code. (No coding experience at all)?,How do I start learning programming?,1,related_but_not_duplicate,Duplicate label but weak lexical overlap (0.29).,ques_pairs.csv,train,pending
174447,"How much are therapists paid on online therapy websites such as Talkspace, Betterhelp, etc.?",How is Joyable different from Talkspace or Teladoc?,0,unrelated,Low lexical overlap (0.10).,ques_pairs.csv,train,pending
aug-164340,Why the electrons did not vanish from solar cell?,"Why do solar PV cells use semiconductors and not conductors, which have significantly lower band gap?",0,paraphrase,synthetic_simple_paraphrase,enriched_dataset_full.csv,train,pending
aug-265789,events? sponsor Quora Does,What is the best way to find sponsors for an event?,0,paraphrase,synthetic_simple_paraphrase,enriched_dataset_full.csv,train,pending
254503,"How difficult is it to get into a Ph.D. program at ETH Zurich? What are the selection criteria, given that I am quite passionate about the position I'm applying for?",How difficult is it to get admission in ETH-Zurich for Master's in Electrical engineering?,0,partial_overlap,Moderate lexical overlap (0.25).,ques_pairs.csv,train,pending
aug-218758,What makes a good photo a good photo?,What are some helpful tips for taking selfies?,0,paraphrase,synthetic_simple_paraphrase,enriched_dataset_full.csv,train,pending
171173,How do I delete a Quora question?,Why can't I delete my own Quora questions?,1,related_but_not_duplicate,Duplicate label but weak lexical overlap (0.23).,ques_pairs.csv,train,pending
232307,Can Benadryl cause depression?,"Do diets cause depression? If so, how?",0,partial_overlap,Moderate lexical overlap (0.22).,ques_pairs.csv,train,pending
aug-267181,How many bank employees going to retaired in banking industory in 2019?,I have an aggregate of 61% and got 320 in GRE and want to pursue MS in Computer Science. What are good universities I can try for?,0,paraphrase,synthetic_simple_paraphrase,enriched_dataset_full.csv,train,pending
aug-38717,which proves that history repeats itself?,"Is it a cliché to say that ""history repeats itself""?",0,paraphrase,synthetic_simple_paraphrase,enriched_dataset_full.csv,train,pending
aug-80767,My Dell Inspiron 7537 heats up when it goes into sleep mode and switches on and becomes burning hot after shutdown. What is wrong and in what way can it be fixed?,"My Dell Inspiron 3000 series laptop has Nvidia GeForce 820m GC, 1TB HDD, 8GBDDR3 memory, Intel Core i5. Works very slow, any solution to fix it?",0,paraphrase,synthetic_simple_paraphrase,enriched_dataset_full.csv,train,pending
63497,Which country have healthy people?,Which country has the most healthy people?,1,related_but_not_duplicate,Duplicate label but weak lexical overlap (0.50).,ques_pairs.csv,train,pending
aug-274829,What do you think about table manners between China and Western coutries?,What are some difference of table manners between Chinese and British?,1,paraphrase,synthetic_simple_paraphrase,enriched_dataset_full.csv,train,pending
aug-29597,Which are the best Bollywood movies of 2016?,Which is your favorite bollywood movie in 2016?,1,paraphrase,synthetic_simple_paraphrase,enriched_dataset_full.csv,train,pending
aug-231033,What are the best VR roller coaster apps?,What are some best VR roller coaster apps?,1,paraphrase,synthetic_simple_paraphrase,enriched_dataset_full.csv,train,pending
aug-87036,which are some good website topics to blog about?,What are some of the best topics to blog about?,1,paraphrase,synthetic_simple_paraphrase,enriched_dataset_full.csv,train,pending
aug-214498,Can lottery numbers be predicted?,What are the predicted winning lottery numbers?,0,paraphrase,synthetic_simple_paraphrase,enriched_dataset_full.csv,train,pending
368350,How does Wave Accounting make it's money?,Does Wave Accounting cover all Chase business bank accounts?,0,partial_overlap,Moderate lexical overlap (0.21).,ques_pairs.csv,train,pending
aug-2591,which do you mean by entrepreneur marketing?,What do you mean by entrepreneur?,0,paraphrase,synthetic_simple_paraphrase,enriched_dataset_full.csv,train,pending
378042,What is the noun form of “complex”?,What is the noun form of 'save'?,0,related_but_not_duplicate,High lexical overlap (0.75) but not marked as duplicate.,ques_pairs.csv,train,pending
aug-137822,which does nanda kore wa mean?,What does 'desu wa des' mean?,0,paraphrase,synthetic_simple_paraphrase,enriched_dataset_full.csv,train,pending
9822,What is the best smartphone within ₹10000?,What are the best smartphones?,0,partial_overlap,Moderate lexical overlap (0.33).,ques_pairs.csv,train,pending
aug-246249,Is there any English to German club on Duolingo that I can join?,I made a Duolingo Club for German. Code: EWRV85?,0,paraphrase,synthetic_simple_paraphrase,enriched_dataset_full.csv,train,pending
167379,"Will coyotes eat dogs? If so, how should pet dogs be kept safe outside?",Do coyotes eat dogs?,1,related_but_not_duplicate,Duplicate label but weak lexical overlap (0.21).,ques_pairs.csv,train,pending
279441,How do I get bottle caps in Pokemon Sun and Moon?,What's the best way to get points in the Festival Plaza in Pokemon Sun / Moon?,0,partial_overlap,Moderate lexical overlap (0.25).,ques_pairs.csv,train,pending
248808,What is the best way to speak English well in IT industry?,What is the best way to speak English well?,0,related_but_not_duplicate,High lexical overlap (0.75) but not marked as duplicate.,ques_pairs.csv,train,pending
aug-217914,"which is the name/artist of the stadium song that starts ""de na na na na, de na na na na na na ne ne...""?","What songs have the lyrics ""na na na na na""?",0,paraphrase,synthetic_simple_paraphrase,enriched_dataset_full.csv,train,pending
aug-374398,which are the fastest ways to increase height?,Can skipping increase your height?,1,paraphrase,synthetic_simple_paraphrase,enriched_dataset_full.csv,train,pending
aug-213637,How do I start a non-profit organization in the UK?,How do I register a non profit organization in the UK?,1,paraphrase,synthetic_simple_paraphrase,enriched_dataset_full.csv,train,pending
217489,"If my muscles are still sore 4 days after the workout, did I push myself too hard?",What is a good way to reduce aches and pains the day after a hard workout?,0,unrelated,Low lexical overlap (0.14).,ques_pairs.csv,train,pending
183129,Does internal links impact your page rank better than backlinks? I need different opinions regarding this matter.,"In your opinion, why is male football better than female? I'm writing an essay and can't find the answer to this particular question.",0,unrelated,Low lexical overlap (0.14).,ques_pairs.csv,train,pending
42838,Bollywood: What are some best movies in bollywood?,What are some best movies ever of Bollywood?,1,paraphrase,High lexical overlap (0.67) with duplicate label.,ques_pairs.csv,train,pending
aug-136450,How do I see old snapchat conversations?,"Me and a girl were friends on snapchat. She's not in my friends list anymore, and when I try to and her it says ""Sorry! Couldn't find _____"". Did she block me or delete her snapchat?",0,paraphrase,synthetic_simple_paraphrase,enriched_dataset_full.csv,train,pending
275891,Neuroscience: Which regions of the brain are responsible for pain?,Neuroscience: Which regions of the brain are responsible for disgust?,0,related_but_not_duplicate,High lexical overlap (0.82) but not marked as duplicate.,ques_pairs.csv,train,pending
aug-15003,"Is anyone here over thirty-five but still living with their parents/siblings/someone else and doesn't have a job and doesn't have a wife/husband/boyfriend/girlfriend? which is it like to live like that? Does anyone know someone like that? If so, in what way does he/she live their life?",What's the most inexplicable experience you've ever had?,0,paraphrase,synthetic_simple_paraphrase,enriched_dataset_full.csv,train,pending
aug-102615,What do you hate maximum about the dating process?,Would most women avoid dating a man who only wants to talk about highly intellectual matters?,0,paraphrase,synthetic_simple_paraphrase,enriched_dataset_full.csv,train,pending
373515,How can I realistically make money online?,How do I make money from home?,1,related_but_not_duplicate,Duplicate label but weak lexical overlap (0.40).,ques_pairs.csv,train,pending
16515,How do you lose belly fat without stopping the beer?,"What are the best ways to reduce and eliminate belly, abdominal, and thigh fat?",0,unrelated,Low lexical overlap (0.15).,ques_pairs.csv,train,pending
aug-206529,"Can I add a blog to any website and if so, how?",How do I add a blog to my website?,1,paraphrase,synthetic_simple_paraphrase,enriched_dataset_full.csv,train,pending
143964,"How long should a full time SDE at an Amazon interview preparation take, assuming a moderate level of preparation at this point?",How does a SDE at amazon make time to prepare for the interview and which companies can be considered?,0,partial_overlap,Moderate lexical overlap (0.23).,ques_pairs.csv,train,pending
126659,Can you get high from walking past a room where someone is vaping marijuana?,"If my brother is vaping weed in his room and I walk past his room, will I get high?",1,related_but_not_duplicate,Duplicate label but weak lexical overlap (0.25).,ques_pairs.csv,train,pending
aug-294561,Why don't Hillary Clinton's supporters care about her numerous ethical transgressions/history of lying for personal gain?,"Do Hillary Clinton supporters not care about her email controversies, or do they tolerate them and look at the bigger picture?",1,paraphrase,synthetic_simple_paraphrase,enriched_dataset_full.csv,train,pending
15780,How do you get a job at an embassy or consulate?,How can i get into an embassy job?,1,related_but_not_duplicate,Duplicate label but weak lexical overlap (0.36).,ques_pairs.csv,train,pending
aug-264062,What are the best Hollywood movies ever?,What is your best Hollywood movie and why?,1,paraphrase,synthetic_simple_paraphrase,enriched_dataset_full.csv,train,pending
aug-277284,Has anyone used Radyance Skin brightening serum? Has it worked?,"Reva Aesthetics: Do you offer any serum for the face, to rejuvenate my skin?",0,paraphrase,synthetic_simple_paraphrase,enriched_dataset_full.csv,train,pending
aug-36172,"which is a good solar panel installation provider in Bell, California CA?","What is a good solar panel installation provider in Calexico, California CA?",0,paraphrase,synthetic_simple_paraphrase,enriched_dataset_full.csv,train,pending
169137,How is EEE in PSG?,Will I get into the PSG (EEE)?,0,partial_overlap,Moderate lexical overlap (0.20).,ques_pairs.csv,train,pending
aug-5150,Is it possible to get out of the friend zone?,"Is it possible to escape the friend zone? If so, how?",1,paraphrase,synthetic_simple_paraphrase,enriched_dataset_full.csv,train,pending
aug-221260,What does the New York office of Facebook do?,What is the phone number for Facebook's New York office?,1,paraphrase,synthetic_simple_paraphrase,enriched_dataset_full.csv,train,pending
aug-207364,Why are some monkeys short tailed?,Why do monkeys have tails?,0,paraphrase,synthetic_simple_paraphrase,enriched_dataset_full.csv,train,pending
aug-144887,How do you find out if you have a stock in Amazon if you have left the company?,What are the best ways to find investors for your company if you don't have good network?,0,paraphrase,synthetic_simple_paraphrase,enriched_dataset_full.csv,train,pending
aug-19100,What is the reason behind demonetising 1000 rupee notes and introducing a 2000 rupee note?,Why was the 1000 rupee note replaced with a 2000 rupee note?,1,paraphrase,synthetic_simple_paraphrase,enriched_dataset_full.csv,train,pending
222909,What is the solution for Quora marking your every question as needing improvement?,"Quora keeps saying that my question was ""marked as needing improvement"". What does this mean and how can I fix it?",1,related_but_not_duplicate,Duplicate label but weak lexical overlap (0.21).,ques_pairs.csv,train,pending
221661,What is economic honours?,What should one do with economics honours?,0,partial_overlap,Moderate lexical overlap (0.22).,ques_pairs.csv,train,pending
aug-276311,Can we use uber again on the same phone with a different number?,Can I use Uber with an American phone and phone number when I travel abroad?,0,paraphrase,synthetic_simple_paraphrase,enriched_dataset_full.csv,train,pending
10149,How do you know if a guy likes you?,How do you know if you like a guy?,1,paraphrase,High lexical overlap (0.78) with duplicate label.,ques_pairs.csv,train,pending
aug-216535,Are there forums dedicated to personal finance?,Can I be successful if I dislike socializing?,0,paraphrase,synthetic_simple_paraphrase,enriched_dataset_full.csv,train,pending
aug-206959,"If you were born from another nation and given a chance to migrate, would you rather move in China or the US? Why?",What would be the necessary ingredients for a podcast migration tool? If you were going to move your podcast from your current host and RSS provider what would you need?,0,paraphrase,synthetic_simple_paraphrase,enriched_dataset_full.csv,train,pending
aug-120618,Is going in and out of ketosis bad for cholesterol levels or organs?,What do you think about XFlow CFD program?,0,paraphrase,synthetic_simple_paraphrase,enriched_dataset_full.csv,train,pending
aug-320614,Which is the best business to do in India with less investment for youth?,What are good business ideas with low investment in India?,1,paraphrase,synthetic_simple_paraphrase,enriched_dataset_full.csv,train,pending
91094,If I smoked meth wednesday morning can I pass a drug test on friday evening?,If I smoke meth on Fri 12pm will I pass a urine test Wednesday morning?,1,related_but_not_duplicate,Duplicate label but weak lexical overlap (0.47).,ques_pairs.csv,train,pending
267605,Who is the best player in this IPL?,Does this IPL ruin test skills from players?,0,unrelated,Low lexical overlap (0.14).,ques_pairs.csv,train,pending
267483,Why was Essar Shipping MD appointed as the MD of Shipping Corporation? What does this mean for both the organisations?,Do assholes know they're assholes?,0,unrelated,Low lexical overlap (0.00).,ques_pairs.csv,train,pending
aug-145442,Which is currently the most affordable city in South Korea (in terms of rent)?,"Which is the most costly city in terms of food and accommodation between Delhi, Hyderabad, Mumbai and Banglore?",0,paraphrase,synthetic_simple_paraphrase,enriched_dataset_full.csv,train,pending
aug-16761,Why do runners die during marathons?,How long would it take for a marathon runner to totally lose fitness?,0,paraphrase,synthetic_simple_paraphrase,enriched_dataset_full.csv,train,pending
262353,How do I unlock my iPads forgotten password?,How do you unlock an iPad?,1,related_but_not_duplicate,Duplicate label but weak lexical overlap (0.27).,ques_pairs.csv,train,pending
47555,How is a career at Ericsson India Global Service to start with as a fresher being from an ECE background?,What is the work culture and salary hike for a BTech (ECE) fresher at Ericsson India?,0,partial_overlap,Moderate lexical overlap (0.25).,ques_pairs.csv,train,pending
aug-393040,Where and how is the WWE championship belt made?,How is the WWE championship belt made?,1,paraphrase,synthetic_simple_paraphrase,enriched_dataset_full.csv,train,pending
aug-356506,Which books would you recommend that I read?,What books do you recommend reading?,1,paraphrase,synthetic_simple_paraphrase,enriched_dataset_full.csv,train,pending
229803,What are the responsibilities of a Judicial Branch in Japan?,What are the responsibilities of a Judicial Branch in Russia?,0,related_but_not_duplicate,High lexical overlap (0.82) but not marked as duplicate.,ques_pairs.csv,train,pending
aug-264987,What is the value of an Instagram account with 1 million followers?,How do you get a million followers on Instagram?,0,paraphrase,synthetic_simple_paraphrase,enriched_dataset_full.csv,train,pending
211044,What should I write in a letter to a girl I like but I dont know her name what content should I write we don't know each other?,What is the academic pressure and workload at UCLA like?,0,unrelated,Low lexical overlap (0.07).,ques_pairs.csv,train,pending
aug-232599,What are some shows like Ellen and Dr. Phil?,What is the best way to get a ticket for the Ellen show?,0,paraphrase,synthetic_simple_paraphrase,enriched_dataset_full.csv,train,pending
aug-50247,What are the benefits of a joint family?,What are the benefits and drawbacks of living in a joint family?,0,paraphrase,synthetic_simple_paraphrase,enriched_dataset_full.csv,train,pending
196286,How fast will  my hair grow if I use coconut oil everyday?,Can you flat iron your hair after putting coconut oil on it?,0,unrelated,Low lexical overlap (0.14).,ques_pairs.csv,train,pending
302702,What is a good anniversary gift to give a girlfriend?,What are the best gifts to give a girlfriend in India?,0,partial_overlap,Moderate lexical overlap (0.33).,ques_pairs.csv,train,pending
aug-5595,which are the three components of the cell theory?,"What is Cell Theory, and what are some examples of it?",0,paraphrase,synthetic_simple_paraphrase,enriched_dataset_full.csv,train,pending
40552,Does India needs a dictatorship?,Do you think India needs a dictator?,1,related_but_not_duplicate,Duplicate label but weak lexical overlap (0.33).,ques_pairs.csv,train,pending
239152,Who was the best actor in The Walking Dead season 1 and why?,Who was the best actor in The Walking Dead season 3 and why?,0,related_but_not_duplicate,High lexical overlap (0.85) but not marked as duplicate.,ques_pairs.csv,train,pending
194644,How can I increase traffic to my websites by Facebook?,How do I increase organic traffic to website?,1,related_but_not_duplicate,Duplicate label but weak lexical overlap (0.38).,ques_pairs.csv,train,pending
aug-290680,Did film director Zhang Yimou sell out to the communist party for money?,What does the Communist Party of China control?,0,paraphrase,synthetic_simple_paraphrase,enriched_dataset_full.csv,train,pending
aug-315895,What do you think of the teaser trailer of Ae Dil Hai Mushkil?,What is your review on Ae dil hai mushkil teaser?,1,paraphrase,synthetic_simple_paraphrase,enriched_dataset_full.csv,train,pending
257222,What was the worst Nazi concentration camp?,What was it like to work at the gas chambers in the German concentration camps?,0,partial_overlap,Moderate lexical overlap (0.24).,ques_pairs.csv,train,pending
327814,How was the first day of college?,How was the first day of your college?,1,paraphrase,High lexical overlap (0.88) with duplicate label.,ques_pairs.csv,train,pending
aug-192288,which is the best way to decline after a sales call?,What is the best way to do retail sales?,0,paraphrase,synthetic_simple_paraphrase,enriched_dataset_full.csv,train,pending
aug-231161,How can I break off my relationship with this girl without hurting her too bad?,"My girlfriend is very smart and personable but not pretty. How can I call the relationship off without hurting her? (long distance relationship, <1yr)",1,paraphrase,synthetic_simple_paraphrase,enriched_dataset_full.csv,train,pending
276452,What is the best way to sell my Instagram account online?,How can I sell my Instagram account?,1,related_but_not_duplicate,Duplicate label but weak lexical overlap (0.29).,ques_pairs.csv,train,pending
aug-137438,which are the things to do just after creating a Blogspot Blog?,"If your business is just creating a sales enablement function, what do you believe are the first things a sales enablement manager should do to build capability quickly?",0,paraphrase,synthetic_simple_paraphrase,enriched_dataset_full.csv,train,pending
74694,How do you jailbreak an iPad Mini 3 running iOS?,What would be the advantages of jailbreaking an Ipad Mini 2 running iOS 9?,0,partial_overlap,Moderate lexical overlap (0.26).,ques_pairs.csv,train,pending
aug-209868,"which is a ""free thinker""?","How does one become a ""free thinker?""",0,paraphrase,synthetic_simple_paraphrase,enriched_dataset_full.csv,train,pending
aug-236269,What's the difference between delete and truncate?,What are the differences between delete and truncate?,1,paraphrase,synthetic_simple_paraphrase,enriched_dataset_full.csv,train,pending
aug-355413,"On average, how much profit should a car manufacturer get by selling one car?",How much does it actually cost manufacturers to make a car?,0,paraphrase,synthetic_simple_paraphrase,enriched_dataset_full.csv,train,pending
199550,What is the logic behind SQL select query ?,How do penguins adapt? What are the adaptations they face?,0,unrelated,Low lexical overlap (0.12).,ques_pairs.csv,train,pending
aug-118614,muscles? leg build help biking Does,Which can help you build muscle?,0,paraphrase,synthetic_simple_paraphrase,enriched_dataset_full.csv,train,pending
aug-181678,which are the best facts about London?,What are some interesting facts about London?,1,paraphrase,synthetic_simple_paraphrase,enriched_dataset_full.csv,train,pending
16903,"Why was the Shahrukh Khan starrer ""Fan"" a flop?",Is Shahrukh Khan a good actor?,0,partial_overlap,Moderate lexical overlap (0.25).,ques_pairs.csv,train,pending
396398,Which smartphone should I buy if I have to choose between the Samsung Galaxy S5 or iPhone 6? Why?,I am confused between iPhone 6 and Samsung Galaxy S6 edge?,0,partial_overlap,Moderate lexical overlap (0.26).,ques_pairs.csv,train,pending
269325,How can I remember you?,How do I remember economics?,0,partial_overlap,Moderate lexical overlap (0.43).,ques_pairs.csv,train,pending
aug-22275,Is there a possibility to track down a hushed(app) phone number?,Is there a possibility to track down a Hushed (app) phone number?,0,paraphrase,synthetic_simple_paraphrase,enriched_dataset_full.csv,train,pending
377374,Are there any Bollywood movies without songs?,Which Bollywood movie has the best songs?,0,unrelated,Low lexical overlap (0.17).,ques_pairs.csv,train,pending
199951,How much do real hair extensions cost?,How much to hair extensions cost?,1,paraphrase,High lexical overlap (0.62) with duplicate label.,ques_pairs.csv,train,pending
aug-11641,iPhone? an buy you would Why,Why shouldn't I buy an iPhone?,0,paraphrase,synthetic_simple_paraphrase,enriched_dataset_full.csv,train,pending
29581,Which was your best moment in life?,Which moment was one of the best moment of your life?,1,paraphrase,High lexical overlap (0.60) with duplicate label.,ques_pairs.csv,train,pending
315019,Why do people hate Hillary Clinton?,Why do people dislike Hillary Clinton? What has she done wrong?,1,related_but_not_duplicate,Duplicate label but weak lexical overlap (0.42).,ques_pairs.csv,train,pending
aug-61699,How many days does it take to get a fresh passport in India?,How many days does it take to get a fresh passport in Kolkata?,0,paraphrase,synthetic_simple_paraphrase,enriched_dataset_full.csv,train,pending
52047,What is to know about money?,What should everybody know about money?,1,related_but_not_duplicate,Duplicate label but weak lexical overlap (0.50).,ques_pairs.csv,train,pending
365331,What age? >> I'm thinking to get a cat. What age should I get?,Which countries can be count as the satellite nations of today and whose satellite are they in your opinion?,0,unrelated,Low lexical overlap (0.00).,ques_pairs.csv,train,pending
226540,What is the difference between assembly language and machine language?,What is the difference between machine language and assembly language?,1,paraphrase,High lexical overlap (1.00) with duplicate label.,ques_pairs.csv,train,pending
aug-100661,in what way do I concentrate better in my study?,How do I concentrate on my studies?,1,paraphrase,synthetic_simple_paraphrase,enriched_dataset_full.csv,train,pending
189106,I got caught driving more than 20 mph over the speed limit in Illinois. It's my first time and I don't want it to be on my record. What should I do?,What is an appropriate punishment for a teen driver's first speeding ticket (49 mph on 35 mph zone)?,0,unrelated,Low lexical overlap (0.12).,ques_pairs.csv,train,pending
aug-386057,What is the most pointless question you have seen on Quora?,"What is the most idiotic, or pointless, question you have ever seen asked on Quora?",1,paraphrase,synthetic_simple_paraphrase,enriched_dataset_full.csv,train,pending
7744,"In the U.S., is it customary to pay the marked price for antiques or to try to negotiate a lower price?",Should I haggle at an antique store?,0,unrelated,Low lexical overlap (0.00).,ques_pairs.csv,train,pending
aug-166470,How does it feel like liking someone?,How does it feel to like someone?,1,paraphrase,synthetic_simple_paraphrase,enriched_dataset_full.csv,train,pending
aug-223484,in what way can I make a girl interested in me again?,How do you get a girl to like you?,0,paraphrase,synthetic_simple_paraphrase,enriched_dataset_full.csv,train,pending
aug-374984,What is the meaning of Analysis and use it in your sentence.?,What is your favorite luxury item?,0,paraphrase,synthetic_simple_paraphrase,enriched_dataset_full.csv,train,pending
aug-79909,which are the banned websites in Singapore?,What is the rationale behind Singapore's banning of chewing gum?,0,paraphrase,synthetic_simple_paraphrase,enriched_dataset_full.csv,train,pending
44637,What are some good homemade birthday gift ideas?,What are good homemade birthday gift ideas for moms?,0,related_but_not_duplicate,High lexical overlap (0.70) but not marked as duplicate.,ques_pairs.csv,train,pending
aug-163456,How do you log in to Facebook if you forgot your password?,How can I get back in my Facebook without a vaild email or password?,1,paraphrase,synthetic_simple_paraphrase,enriched_dataset_full.csv,train,pending
202019,How do you turn off voice control on an iPhone?,Can Apple turn your off your iPhone if the government commands it?,0,unrelated,Low lexical overlap (0.17).,ques_pairs.csv,train,pending
aug-296753,Why is Les Miserables considered great?,Why do the characters in Les Miserables have British accents?,0,paraphrase,synthetic_simple_paraphrase,enriched_dataset_full.csv,train,pending
51573,What do you think of that Bob Dylan wins the 2016 Nobel Prize for Literature?,Why did Bob Dylan win the Nobel Proze in literature?,1,related_but_not_duplicate,Duplicate label but weak lexical overlap (0.25).,ques_pairs.csv,train,pending
16393,Where can I find the original One Punch Man online?,What makes One Punch Man appealing?,0,partial_overlap,Moderate lexical overlap (0.23).,ques_pairs.csv,train,pending
235939,How can you ship a car by train?,How do you ship your car by train?,1,paraphrase,High lexical overlap (0.60) with duplicate label.,ques_pairs.csv,train,pending
aug-89102,Which of the organs perform the following function in human [1] absorption of food?,Which of the following organized crimes do you hate/despise the most? Drug trafficking or human trafficking? Why?,0,paraphrase,synthetic_simple_paraphrase,enriched_dataset_full.csv,train,pending
77151,How is metallic bond similar to both ionic and covalent bond?,What is the difference between metallic bond and covalent bond?,0,partial_overlap,Moderate lexical overlap (0.36).,ques_pairs.csv,train,pending
366228,Do we need to pay fee for GRE/TOEFL every time we take the test?,Is it the same fees to take the GRE test again?,0,partial_overlap,Moderate lexical overlap (0.26).,ques_pairs.csv,train,pending
179651,What is the difference between a laser printer and an inkjet printer?,What is the difference between a laser printer and an inkjet printer? How are they similar?,1,paraphrase,High lexical overlap (0.73) with duplicate label.,ques_pairs.csv,train,pending
aug-140352,Who are the Paytm shareholders and in what way much do they own?,"Why is PayTM being promoted by the BJP despite Alibaba, a Chinese firm, being its largest shareholder?",0,paraphrase,synthetic_simple_paraphrase,enriched_dataset_full.csv,train,pending
aug-301715,How are American women different from English women?,What do European men think of American women?,0,paraphrase,synthetic_simple_paraphrase,enriched_dataset_full.csv,train,pending
aug-188854,What are the pros and cons of having dual citizenship? I currently have American and Korean citizenship. I would like to work in the field of politics,What are all the pros and cons of having dual citizenship?,1,paraphrase,synthetic_simple_paraphrase,enriched_dataset_full.csv,train,pending
61173,"If we heat water, among hydrogen and oxygen which one is going to evaporated?",What would happen if we threw a bottle of water onto the moon?,0,unrelated,Low lexical overlap (0.12).,ques_pairs.csv,train,pending
137664,How can I stop feeling that old at my 26?,How can I stop feeling so old at 23?,0,partial_overlap,Moderate lexical overlap (0.58).,ques_pairs.csv,train,pending
3618,Can u get pregnant the day after your period ends?,Can I get pregnant 3 days after period if I bled for not even a full 3 days?,1,related_but_not_duplicate,Duplicate label but weak lexical overlap (0.25).,ques_pairs.csv,train,pending
aug-118673,which would be the best book to begin with for Java?,Which book to buy to learn java?,1,paraphrase,synthetic_simple_paraphrase,enriched_dataset_full.csv,train,pending
aug-226559,How do you know when hard boiled eggs are done?,How do I know if the eggs are boiled?,1,paraphrase,synthetic_simple_paraphrase,enriched_dataset_full.csv,train,pending
247859,"What would happen if you created a large group/family and decided you wanted your own laws, your own life, and your own country?",What would happen if a billionaire bought an island and decided to create their own country?,1,related_but_not_duplicate,Duplicate label but weak lexical overlap (0.36).,ques_pairs.csv,train,pending
374791,How does stainless steel wallet work?,How do stainless steel fabricators work?,0,partial_overlap,Moderate lexical overlap (0.50).,ques_pairs.csv,train,pending
7869,What is a microscope's field of view?,What is the field of view on a microscope?,1,paraphrase,High lexical overlap (0.70) with duplicate label.,ques_pairs.csv,train,pending
aug-216547,What is it like for a non-celebrity to live in Hollywood/Los Angeles?,Where can I run into celebrities in Los Angeles?,0,paraphrase,synthetic_simple_paraphrase,enriched_dataset_full.csv,train,pending
1065,How can I be like Jake Williams?,What does Jake Williams think about Jake Williams?,0,unrelated,Low lexical overlap (0.18).,ques_pairs.csv,train,pending
197685,What might happen now that President-elect Donald Trump has won the election? What will be the impact?,Now that Trump has won and Republicans control everything what do you think will happen in the following 4 years?,1,related_but_not_duplicate,Duplicate label but weak lexical overlap (0.33).,ques_pairs.csv,train,pending
aug-66454,What are the best methods to relieve stress?,Which are the best possible methods of stress relief?,1,paraphrase,synthetic_simple_paraphrase,enriched_dataset_full.csv,train,pending
19585,How do I get over my height?,How do I get over being not satisfide with my height?,1,paraphrase,High lexical overlap (0.64) with duplicate label.,ques_pairs.csv,train,pending
201562,How do I become a user experience designer?,How do I become an UX designer?,1,related_but_not_duplicate,Duplicate label but weak lexical overlap (0.50).,ques_pairs.csv,train,pending
236245,What is the best streaming PC I can build for 1200€?,Can I opt for MA English from MCM DAV college (Punjab university) after completing BA (prog) from DU ?,0,unrelated,Low lexical overlap (0.12).,ques_pairs.csv,train,pending
108518,Does a steam room help you lose weight?,Can dark chocolate help you lose weight?,0,partial_overlap,Moderate lexical overlap (0.36).,ques_pairs.csv,train,pending
283730,What is the difference between JDK and SDK in Java?,What is the difference between SDK and NDK?,0,related_but_not_duplicate,High lexical overlap (0.64) but not marked as duplicate.,ques_pairs.csv,train,pending
78642,What is a good weight and height for a 19 year old male?,What are the ideal weight and height for 17-year-old male?,0,partial_overlap,Moderate lexical overlap (0.50).,ques_pairs.csv,train,pending
140724,What should I do if I forgot my password for Instagram and used a fake email to make my account?,How can I get my Instagram account back if I forgot my email address and password?,1,related_but_not_duplicate,Duplicate label but weak lexical overlap (0.39).,ques_pairs.csv,train,pending
223785,What were some of the most important causes behind World War 1?,What were the immediate and most important causes that led to World War 1?,1,related_but_not_duplicate,Duplicate label but weak lexical overlap (0.53).,ques_pairs.csv,train,pending
aug-147350,My father is an engineer and earns well and so does my mom. Even I am an engineer and work with an MNC. I get puzzled when people ask me why do I have to work if my parents earn. What is a witty reply that I can give to such people?,"I have an extremely stressful job, where my clients get upset with me daily. What can I do to stay calm, even when I am getting yelled at all day?",0,paraphrase,synthetic_simple_paraphrase,enriched_dataset_full.csv,train,pending
185492,How do I stop expecting so much from others?,How can a person stop expecting from others?,1,related_but_not_duplicate,Duplicate label but weak lexical overlap (0.42).,ques_pairs.csv,train,pending
275288,How do I prepare for scientific aptitude test for JEE 2017 (any rough idea)?,Which is the best test series for JEE 2017?,0,partial_overlap,Moderate lexical overlap (0.22).,ques_pairs.csv,train,pending
121134,How many seats will JBIMS offer for 2017-2019 batch?,What is the cut off for JBIMS through CAT for outside Maharashtra candidates for batch 2016-18?,0,unrelated,Low lexical overlap (0.14).,ques_pairs.csv,train,pending
aug-37741,"In the eventuality of war between Russia and the USA, which shall be the outcome? Who shall be victorious?",If a war erupts between USA and Russia who will eventually win?,1,paraphrase,synthetic_simple_paraphrase,enriched_dataset_full.csv,train,pending
134850,How do I cope up with fear of failure?,How do you conquer fear of failure?,1,related_but_not_duplicate,Duplicate label but weak lexical overlap (0.45).,ques_pairs.csv,train,pending
aug-207004,I am 5'11 and 57 and want to gain weight and muscles. recommend me a diet plan?,Chinese housing price?,0,paraphrase,synthetic_simple_paraphrase,enriched_dataset_full.csv,train,pending
aug-375930,Do you believe that there's an afterlife?,Do you believe in afterlife?,1,paraphrase,synthetic_simple_paraphrase,enriched_dataset_full.csv,train,pending
192963,What are the 14 principles of management by Henri Fayol and what are some examples?,What are some examples of Henry Fayol's 14 principles of management?,1,paraphrase,High lexical overlap (0.60) with duplicate label.,ques_pairs.csv,train,pending
123349,How do increase Jio downloading speed?,What are the best settings to increase Jio speed?,1,related_but_not_duplicate,Duplicate label but weak lexical overlap (0.25).,ques_pairs.csv,train,pending
37098,How is graphic design different from web design?,How is software design different from web design?,1,paraphrase,High lexical overlap (0.75) with duplicate label.,ques_pairs.csv,train,pending
321007,What was the first naked photograph?,How much should a photographer charge for their first portrait photo shoot?,0,unrelated,Low lexical overlap (0.06).,ques_pairs.csv,train,pending
43951,How do I increase the vocabulary?,How can I increase my vocabulary?,1,related_but_not_duplicate,Duplicate label but weak lexical overlap (0.50).,ques_pairs.csv,train,pending
277340,How can I improve my English in all aspects?,How can I improve my fluency in English to face a more confortable job interview?,1,related_but_not_duplicate,Duplicate label but weak lexical overlap (0.41).,ques_pairs.csv,train,pending
139404,"What hotel in Azamgarh would be safe for unmarried couples, without the harassment of police, hotel staff, and moral police?","What hotel in Varanasi would be safe for unmarried couples, without the harassment of police, hotel staff, and moral police?",0,related_but_not_duplicate,High lexical overlap (0.89) but not marked as duplicate.,ques_pairs.csv,train,pending
104818,What is the best online slot machine to play?,What are the best slot machines to play?,0,partial_overlap,Moderate lexical overlap (0.55).,ques_pairs.csv,train,pending
aug-116798,which are the miracles that has happened in your life?,Has any miracle happened in your life?,1,paraphrase,synthetic_simple_paraphrase,enriched_dataset_full.csv,train,pending
221955,In cultures that practice cousin marriages are there extremely high rate of birth mental problems and physical health issues with their offspring?,"Are there revelations in the Quran that deal strictly with Prophet Muhammad's marriages, intimate relationships and issues pertaining to his sex life?",0,partial_overlap,Moderate lexical overlap (0.22).,ques_pairs.csv,train,pending
aug-38438,Is it true that our hair gets white if we got really scare?,Is it true that our hair gets white if we get really scare?,1,paraphrase,synthetic_simple_paraphrase,enriched_dataset_full.csv,train,pending
238541,Why do dogs bark and run after the vehicles?,Why do dogs bark and run after vehicles in the night time?,0,related_but_not_duplicate,High lexical overlap (0.75) but not marked as duplicate.,ques_pairs.csv,train,pending
217239,I want to set up a 3 MW solar power plant in a 5 acre plain land in Andhra Pradesh. How much money do I need to invest (with Chinese technology)? Can we get any subsidy from the government?,I want to produce 1MWT power with solar equipment. How much money is needed for the equipment and how much subsidy amount will the government of India give?,0,partial_overlap,Moderate lexical overlap (0.26).,ques_pairs.csv,train,pending
362324,What is that one thing Indians are doing completely wrong?,What are the things that we as Indians are collectively doing wrong?,1,related_but_not_duplicate,Duplicate label but weak lexical overlap (0.40).,ques_pairs.csv,train,pending
aug-75156,What are the Best books for preparing to CA IPCC?,What are some good books for CA IPCC preparation?,1,paraphrase,synthetic_simple_paraphrase,enriched_dataset_full.csv,train,pending
aug-370192,failure? a demonetization Is,Is demonetization a failed move?,1,paraphrase,synthetic_simple_paraphrase,enriched_dataset_full.csv,train,pending
256679,What are some mind-blowing Wearable gadgets that exist that most people don't know about?,What are some mind-blowing Wearable tools that exist that most people don't know about?,1,paraphrase,High lexical overlap (0.88) with duplicate label.,ques_pairs.csv,train,pending
361050,What are the boundaries of the Internet?,What are boundaries?,0,partial_overlap,Moderate lexical overlap (0.50).,ques_pairs.csv,train,pending
119141,How do I know if I am an introvert or an extrovert?,I feel lonely and bored alone and with people too. So am I introvert or extrovert?,0,partial_overlap,Moderate lexical overlap (0.26).,ques_pairs.csv,train,pending
192006,Why do women start smoking?,Why do I want to start smoking?,1,related_but_not_duplicate,Duplicate label but weak lexical overlap (0.50).,ques_pairs.csv,train,pending
370031,Audio Equipment: What is the best Headphone under Rs 2K available in India?,Which are the best headphones to buy under Rs 2000 in India?,1,related_but_not_duplicate,Duplicate label but weak lexical overlap (0.32).,ques_pairs.csv,train,pending
158520,Which is the best university for chemical engineering in the USA?,Which are the top universities for an MS in chemical engineering in the USA?,0,partial_overlap,Moderate lexical overlap (0.47).,ques_pairs.csv,train,pending
aug-223992,destroyed? wand Potter's Harry was Why,"If Harry Potter was the rightful owner to the elder wand, why did he destroy it in Harry Potter and the Deathly Hallows Part 2?",0,paraphrase,synthetic_simple_paraphrase,enriched_dataset_full.csv,train,pending
aug-167573,When ever I go to a girl my other friend feel jealous?,I feel agitated and at the same time frustrated when a lot of my friends talk vulgar of other girls in college. What should I do?,0,paraphrase,synthetic_simple_paraphrase,enriched_dataset_full.csv,train,pending
aug-147320,which are some examples of doublethink?,What are some of the ways men are discriminated against that women are often unaware of?,0,paraphrase,synthetic_simple_paraphrase,enriched_dataset_full.csv,train,pending
aug-137509,What does it feel like to get a low score on Rotten Tomatoes?,Is Rotten Tomatoes biased?,0,paraphrase,synthetic_simple_paraphrase,enriched_dataset_full.csv,train,pending
358012,How could I get a Jio sim card?,What is the best way to get a Jio sim card?,1,related_but_not_duplicate,Duplicate label but weak lexical overlap (0.36).,ques_pairs.csv,train,pending
317071,Why do traffic lights in the US often go out (go to blinking red) after a heavy rain? Does this happen in other or all countries as well?,Why after a earthquake do heavy rain and storms happen? What is the connection between them?,0,partial_overlap,Moderate lexical overlap (0.24).,ques_pairs.csv,train,pending
123245,What if I have viewed someone's video on Instagram but I'm not following them. Will they be able to see me in their viewer's list?,How can I see who viewed my video on Instagram but didn't like my video?,1,related_but_not_duplicate,Duplicate label but weak lexical overlap (0.21).,ques_pairs.csv,train,pending
aug-98952,How much does YouTube pay per subscriber?,"How much does a YouTuber with 1,000,000 subscribers earn per year?",0,paraphrase,synthetic_simple_paraphrase,enriched_dataset_full.csv,train,pending
164772,Why might people be staring at me?,Why are people staring at me?,1,paraphrase,High lexical overlap (0.62) with duplicate label.,ques_pairs.csv,train,pending
aug-228252,What are the different e-governance methods used by Modi?,"What is the difference in the concept between an e-governance, an e-democracy and an open government? How are they related to each other?",0,paraphrase,synthetic_simple_paraphrase,enriched_dataset_full.csv,train,pending
138930,How do you connect a Wii to a HDTV?,My Wii won't connect to the internet. How can I fix it?,0,partial_overlap,Moderate lexical overlap (0.24).,ques_pairs.csv,train,pending
aug-161728,When did your age kick you in the butt?,Does age matter to date someone?,0,paraphrase,synthetic_simple_paraphrase,enriched_dataset_full.csv,train,pending
185299,How can I be professional marketer?,How can I be a professional marketer?,1,paraphrase,High lexical overlap (0.86) with duplicate label.,ques_pairs.csv,train,pending
36916,How do I lose weight fast?,What is the fastest way to lose weight successfully?,1,related_but_not_duplicate,Duplicate label but weak lexical overlap (0.15).,ques_pairs.csv,train,pending
320695,What is the difference between economy and basic fare for Malaysian airlines?,"What's the difference between MH Basic, MH Smart and MH Flex in Malaysian Airlines?",0,partial_overlap,Moderate lexical overlap (0.47).,ques_pairs.csv,train,pending
aug-40181,which are some good ways to lose weight?,"What are the best ways to lose weight, especially around your core?",1,paraphrase,synthetic_simple_paraphrase,enriched_dataset_full.csv,train,pending
aug-294598,which are some things new employees should know going into their first day at Strategic Energy?,What are some things new employees should know going into their first day at Ring Energy?,0,paraphrase,synthetic_simple_paraphrase,enriched_dataset_full.csv,train,pending
aug-354620,How do you factory reset a Dell computer?,How do you restore a Dell Inspiron B130 to the factory settings?,1,paraphrase,synthetic_simple_paraphrase,enriched_dataset_full.csv,train,pending
aug-293508,What do you mean by universe?,What is your meaning of the universe?,1,paraphrase,synthetic_simple_paraphrase,enriched_dataset_full.csv,train,pending
16446,How should I prepare for bpsc?,What is the best way to prepare for the BPSC?,1,related_but_not_duplicate,Duplicate label but weak lexical overlap (0.25).,ques_pairs.csv,train,pending
aug-22911,"If you could go back to any point in the last hundred years and whisper in the ear of a world leader, what would you say, and to who?",What happens if you do strength training daily?,0,paraphrase,synthetic_simple_paraphrase,enriched_dataset_full.csv,train,pending
aug-170438,If a girl is taken but still wants your friendship despite of you told her that you are not interested in her friendship.what does she wants that?,"What are ways to let a close female friend know you have feelings for her, but not jeopardize your friendship?",0,paraphrase,synthetic_simple_paraphrase,enriched_dataset_full.csv,train,pending
51248,What are the different types of governments in the world and what are their differences?,What are the different types of government in the world?,1,paraphrase,High lexical overlap (0.62) with duplicate label.,ques_pairs.csv,train,pending
86016,Why do most people in the United Kingdom have a strong British accent?,Do British people like Americans accents as much as Americans seem to like British accents?,0,unrelated,Low lexical overlap (0.15).,ques_pairs.csv,train,pending
63290,How can I direct message someone on Instagram from my computer?,How are follower lists on Instagram ordered?,0,partial_overlap,Moderate lexical overlap (0.20).,ques_pairs.csv,train,pending
374231,Who was the worst among Shakuni and Kans ?,What is the origin story of Shakuni's name?,0,unrelated,Low lexical overlap (0.13).,ques_pairs.csv,train,pending
30682,My server listed in the Google spam list how to resolve it?,Topics related to Hindu religion?,0,unrelated,Low lexical overlap (0.06).,ques_pairs.csv,train,pending
aug-155784,"What are the maximum effective stomach exercises, ranked by order of importance?","What are the most effective back exercises, ranked by order of importance?",0,paraphrase,synthetic_simple_paraphrase,enriched_dataset_full.csv,train,pending
aug-157439,What Is your New year resolutions in 2017?,What are some meaningful new year resolutions for 2017?,1,paraphrase,synthetic_simple_paraphrase,enriched_dataset_full.csv,train,pending
90407,Different between electrical engineering and electronics communications engineering?,What's the difference between electrical and electronics engineering and information and communication engineering?,0,partial_overlap,Moderate lexical overlap (0.38).,ques_pairs.csv,train,pending
aug-389878,"How does the hierarchy at the Big Four (PwC, EY, KPMG, Deloitte) in their consultancy wings compare to one another in terms of seniority?",What is the hierarchical structure in Big 4 companies like Deloitte & PwC?,0,paraphrase,synthetic_simple_paraphrase,enriched_dataset_full.csv,train,pending
aug-245276,How did Hinduism evolve from a culture to a religion?,When did Hinduism become a religion from a philosophy?,0,paraphrase,synthetic_simple_paraphrase,enriched_dataset_full.csv,train,pending
13193,How do you play 21 Questions?,What are some basic rules of 21 card rummy?,0,unrelated,Low lexical overlap (0.07).,ques_pairs.csv,train,pending
aug-127288,Beverages: Which ginger ales have the highest ginger content?,Why does ginger burn your throat?,0,paraphrase,synthetic_simple_paraphrase,enriched_dataset_full.csv,train,pending
284710,Why did God create Earth?,Why does God created the heavens and earth?,1,related_but_not_duplicate,Duplicate label but weak lexical overlap (0.30).,ques_pairs.csv,train,pending
36122,"May 2016: What do Delhi people think about Kejriwal, are YOU really satisfied with Governance and his attitude to PM Modi?",What Delhi people think about kejriwal?,1,related_but_not_duplicate,Duplicate label but weak lexical overlap (0.29).,ques_pairs.csv,train,pending
aug-277755,What are some of the best books for product managers?,What is the best book or textbook on product management?,0,paraphrase,synthetic_simple_paraphrase,enriched_dataset_full.csv,train,pending
25381,How successful is the e-blogging industry?,How successful is blogging?,0,partial_overlap,Moderate lexical overlap (0.57).,ques_pairs.csv,train,pending
aug-4293,My Instagram is private and all my following requests have disappeared. Why did they disappear?,Why did some of my sent Instagram direct messages disappear? They were on Instagram for days and suddenly disappeared although I didn't delete them.,0,paraphrase,synthetic_simple_paraphrase,enriched_dataset_full.csv,train,pending
238404,How accurate was the Imitation Game as opposed to Alan Turing's actual involvement in the Enigma machine?,What are some historical inaccuracies in The Imitation Game?,0,unrelated,Low lexical overlap (0.18).,ques_pairs.csv,train,pending
65546,What startup business can I do apart from my govt job in Odisha?,What startup business can I do apart from my govt job?,0,related_but_not_duplicate,High lexical overlap (0.85) but not marked as duplicate.,ques_pairs.csv,train,pending
36198,What does it take to work at Boeing?,How is it to work at Boeing?,0,partial_overlap,Moderate lexical overlap (0.50).,ques_pairs.csv,train,pending
aug-400138,Why do ice hockey players get swapped out every few minutes when soccer players can play for 45 minutes at a time?,Do pro soccer players wear a new pair of shoes every game?,0,paraphrase,synthetic_simple_paraphrase,enriched_dataset_full.csv,train,pending
aug-294355,Do this report of a widal test shows a typhoid? S typhi O = 1:40 and S typhi H = 1:80,"What is your advice to someone who wants to change career track at 36, considering that employers prefer younger folks?",0,paraphrase,synthetic_simple_paraphrase,enriched_dataset_full.csv,train,pending
aug-377239,Someone help me solve this this logarithm equation?,What is Planned Parenthood?,0,paraphrase,synthetic_simple_paraphrase,enriched_dataset_full.csv,train,pending
68821,How can I increase traffic on my blog?,How do I increase traffic on my site?,1,paraphrase,High lexical overlap (0.60) with duplicate label.,ques_pairs.csv,train,pending
289377,Why am I feeling sad?,Why do I get angry when I am feeling sad?,0,partial_overlap,Moderate lexical overlap (0.56).,ques_pairs.csv,train,pending
aug-20793,Where and how did the Civil War begin?,Where did the Civil War begin?,1,paraphrase,synthetic_simple_paraphrase,enriched_dataset_full.csv,train,pending
203742,"Why is the Western style democracy to cover their bloody, robbing histories and atrocities committed to other countries in the past and present days?",Why Indian and Pakistani immigrants never go back to their countries to share the gained 'Western' knowledge with their people?,0,partial_overlap,Moderate lexical overlap (0.22).,ques_pairs.csv,train,pending
167761,What is actual conflict of kashmir supreme technical answer?,What is the Kashmir conflict?,0,partial_overlap,Moderate lexical overlap (0.40).,ques_pairs.csv,train,pending
aug-57824,in what way can I get traffic on website?,How can I increase the traffic to a website?,1,paraphrase,synthetic_simple_paraphrase,enriched_dataset_full.csv,train,pending
10046,How can you rapidly lose weight in 14days?,What is the fastest way to lose weight successfully?,1,related_but_not_duplicate,Duplicate label but weak lexical overlap (0.13).,ques_pairs.csv,train,pending
76877,How do I deal with jealous friends?,How do I deal with a jealous wife?,0,related_but_not_duplicate,High lexical overlap (0.67) but not marked as duplicate.,ques_pairs.csv,train,pending
aug-224230,Is it possible to activate and use both 2G and 3G data pack in the same SIM (airtel prepaid)?,Are data charges for 2G/3G/voice calls on Airtel 4G sim higher than or same as its 3G sim?,0,paraphrase,synthetic_simple_paraphrase,enriched_dataset_full.csv,train,pending
131333,"What does it mean to ""fake it till you make it""?",What does 'Fake it till you make it' mean?,1,paraphrase,High lexical overlap (0.89) with duplicate label.,ques_pairs.csv,train,pending
aug-59857,Lose body fat?,Why am I not losing body fat?,0,paraphrase,synthetic_simple_paraphrase,enriched_dataset_full.csv,train,pending
aug-52710,which are the fertilizers and pesticides used for Dahlia plant?,How can we make fertilizers without using oil?,0,paraphrase,synthetic_simple_paraphrase,enriched_dataset_full.csv,train,pending
270102,What are the universities offering masters in mechanical in Australia?,"Is RMIT University, Melbourne good for Masters in automotive or mechanical engineering? What are the job opportunities after that in Australia?",0,partial_overlap,Moderate lexical overlap (0.32).,ques_pairs.csv,train,pending
aug-41198,nofap? of benefit are What,What are the benefits of NoFap?,1,paraphrase,synthetic_simple_paraphrase,enriched_dataset_full.csv,train,pending
194848,What are the safety precautions on handling shotguns proposed by the NRA in Michigan?,What are the safety precautions on handling shotguns proposed by the NRA in the entire U.S. including it’s territories and possessions? 3,1,related_but_not_duplicate,Duplicate label but weak lexical overlap (0.55).,ques_pairs.csv,train,pending
aug-29702,iit? for best is coaching Which,Which coaching is best for iit in Lucknow?,0,paraphrase,synthetic_simple_paraphrase,enriched_dataset_full.csv,train,pending
194120,What is the true meaning of Christmas?,What is the real meaning of Christmas?,1,paraphrase,High lexical overlap (0.75) with duplicate label.,ques_pairs.csv,train,pending
293768,What is the best way to lose 30 pounds in 4 months?,How can I lose 8kgs in 4 months without starving?,0,partial_overlap,Moderate lexical overlap (0.22).,ques_pairs.csv,train,pending
105083,Do Trump supporters feel that a less diverse America would be better?,Do you feel that if you didn't exist there would be a difference (in general)?,0,partial_overlap,Moderate lexical overlap (0.29).,ques_pairs.csv,train,pending
aug-79649,in what way could someone be so heartless?,How can I become heartless?,0,paraphrase,synthetic_simple_paraphrase,enriched_dataset_full.csv,train,pending
172971,Will I improve my memory power?,How can I increase memory power?,1,related_but_not_duplicate,Duplicate label but weak lexical overlap (0.33).,ques_pairs.csv,train,pending
84261,What are some things new employees should know going into their first day at Genmark Diagnostics?,What are some things new employees should know going into their first day at Accelerate Diagnostics?,0,related_but_not_duplicate,High lexical overlap (0.88) but not marked as duplicate.,ques_pairs.csv,train,pending
334427,"I work as a programmer at an investment bank, how can I turn myself into somebody Google will hire?",What is the relation between the science of psychology and biomedical Engineering?,0,unrelated,Low lexical overlap (0.00).,ques_pairs.csv,train,pending
321095,"If you are a trader, what do you want to buy from China?","What are the best jobs/careers if you want to have a comfortable, fulfilling life, but you don't want to spend your life behind a computer?",0,partial_overlap,Moderate lexical overlap (0.26).,ques_pairs.csv,train,pending
aug-37715,"What is meant by cancer in this sentence ""he is a cancer himself""?",Medical Ethics: Is it right to reveal to a cancer patient that he has cancer?,0,paraphrase,synthetic_simple_paraphrase,enriched_dataset_full.csv,train,pending
aug-294758,What is the best way to pay attention in a boring class?,How do I learn the most I can in a boring class?,1,paraphrase,synthetic_simple_paraphrase,enriched_dataset_full.csv,train,pending
aug-49961,"What's the difference between gyros, shawarma, döner & kebab?",What is the difference between Kebab and Tikka?,0,paraphrase,synthetic_simple_paraphrase,enriched_dataset_full.csv,train,pending
384164,"Does Imperial MSc Risk Management and Financial Engineering have better reputation than MSc Financial Math at UCL, KCL? Which one has best structure?",Is the MSc in Physics at UCL a good course?,0,unrelated,Low lexical overlap (0.11).,ques_pairs.csv,train,pending
aug-349314,in what way can I overcome my porn addiction?,How do I get over my porn addiction?,1,paraphrase,synthetic_simple_paraphrase,enriched_dataset_full.csv,train,pending
aug-251312,Which is the best problem book in quantum field theory?,What is good book to learn about quantum field theory?,1,paraphrase,synthetic_simple_paraphrase,enriched_dataset_full.csv,train,pending
aug-42209,If the weight of a body is 10 gwt as measured by using a spring balance (on earth) then what will be its mass (in gram)?,What is the weight of a 700 g of body on a planet whose mass is 1/7th of that of earth and radius is 1/2 of earth?,0,paraphrase,synthetic_simple_paraphrase,enriched_dataset_full.csv,train,pending
131940,What would Disney princesses look like in real life?,How do ferrous fumarate and ferrous sulphate differ?,0,unrelated,Low lexical overlap (0.00).,ques_pairs.csv,train,pending
aug-1108,Quora: in what way do you post a question on Quora?,What are the best ways to ask a question on Quora?,1,paraphrase,synthetic_simple_paraphrase,enriched_dataset_full.csv,train,pending
202829,"From an evolutionary perspective, why do we have multiple different blood types and what advantages or disadvantages does that entail?",Evolutionary advantage of the different blood groups?,1,related_but_not_duplicate,Duplicate label but weak lexical overlap (0.12).,ques_pairs.csv,train,pending
301356,What are some particularly creative ways that students cheat?,What is the most creative way you can break a clock?,0,unrelated,Low lexical overlap (0.11).,ques_pairs.csv,train,pending
281517,How do I get money for free?,How do I get free money?,1,paraphrase,High lexical overlap (0.86) with duplicate label.,ques_pairs.csv,train,pending
aug-21492,Does AdSense pay per click or per impression?,How does Facebook's pay per click work?,0,paraphrase,synthetic_simple_paraphrase,enriched_dataset_full.csv,train,pending
26579,Is it illegal for a licensed and insured teen to drive a rental car?,Is it illegal to drive with your car's dome light on?,0,partial_overlap,Moderate lexical overlap (0.32).,ques_pairs.csv,train,pending
aug-319998,How do you get VC or angel funding for a start-up idea?,How do I get VC/angel funding for my startup?,1,paraphrase,synthetic_simple_paraphrase,enriched_dataset_full.csv,train,pending
82061,Is there an advanced search syntax for Amazon's site?,How was Amazon search in its initial stages?,0,unrelated,Low lexical overlap (0.12).,ques_pairs.csv,train,pending
200323,Is it illegal to pass private emails (and their content) on to third parties without consent?,Is it illegal to scrape real estate listings for private use?,0,partial_overlap,Moderate lexical overlap (0.24).,ques_pairs.csv,train,pending
aug-14854,How do I use egg on hair?,How should we apply egg to our hair?,0,paraphrase,synthetic_simple_paraphrase,enriched_dataset_full.csv,train,pending
aug-207438,Who writes speeches for Obama?,How do I write a speech for a funeral?,0,paraphrase,synthetic_simple_paraphrase,enriched_dataset_full.csv,train,pending
aug-332571,Why do women feel the pressure to date?,What are the chances of a 40 year old getting a job?,0,paraphrase,synthetic_simple_paraphrase,enriched_dataset_full.csv,train,pending
aug-33450,Urban Clap Vs Sulekha: Which is more useful to find on demand services?,What did Democrats say about Diebold and the Florida Election Commission during the 2000 presidential election?,0,paraphrase,synthetic_simple_paraphrase,enriched_dataset_full.csv,train,pending
aug-363771,which is it like working at Dsquare Solutions?,Does Hadoop make a great fit for a data analytics solution?,0,paraphrase,synthetic_simple_paraphrase,enriched_dataset_full.csv,train,pending
aug-316811,Which one is best web development company in Noida?,Which companies offers best web development and web designing services?,1,paraphrase,synthetic_simple_paraphrase,enriched_dataset_full.csv,train,pending
329447,Can I pay $25 per month at Treehouse and get the Techdegree Certificate?,I have been offer a job in Kuwait. Pay is 900KWD per month with yearly increment depending on my performance 15 to 25 %. Is this pay decent enough?,0,unrelated,Low lexical overlap (0.15).,ques_pairs.csv,train,pending
aug-64394,What's the difference between Linux and Mac OS?,What is the difference between Mac OS and Linux?,1,paraphrase,synthetic_simple_paraphrase,enriched_dataset_full.csv,train,pending
221211,How do I prepare for programming interviews?,How do I prepare for a software engineering job interview?,0,partial_overlap,Moderate lexical overlap (0.42).,ques_pairs.csv,train,pending
85516,How long does it take to become a good programmer?,How long does it take you to become a decent programmer?,1,paraphrase,High lexical overlap (0.75) with duplicate label.,ques_pairs.csv,train,pending
43499,How do I prepare for BITSAT 2017 seriously?,How should I prepare for BITSAT 2018?,0,partial_overlap,Moderate lexical overlap (0.50).,ques_pairs.csv,train,pending
17481,"Is nylon the best (toughest, strongest, lightest, etc.) synthetic fabric that will ever be made?",How is nylon made?,0,unrelated,Low lexical overlap (0.19).,ques_pairs.csv,train,pending
336791,What is the best way to commute between JFK and Manhattan?,How long does it take to get from JFK to manhattan?,0,unrelated,Low lexical overlap (0.17).,ques_pairs.csv,train,pending
377946,What can I do to improve my English speaking?,How can improve my English speaking?,1,related_but_not_duplicate,Duplicate label but weak lexical overlap (0.50).,ques_pairs.csv,train,pending
aug-291369,How can I hack the mobile phones of my friends?,How could you hack someone’s mobile phone?,1,paraphrase,synthetic_simple_paraphrase,enriched_dataset_full.csv,train,pending
aug-226876,Which is the best gaming laptop under rs 80000 in India?,Which is the best gaming laptop in India under 75000-80000 Rs?,0,paraphrase,synthetic_simple_paraphrase,enriched_dataset_full.csv,train,pending
aug-320896,which makes a person a powerful speaker?,What makes a person powerful?,0,paraphrase,synthetic_simple_paraphrase,enriched_dataset_full.csv,train,pending
189045,"What were the major effects of the cambodia earthquake, and how do these effects compare to other earthquakes?","What were the major effects of the cambodia earthquake, and how do these effects compare to the Iquique earthquake in 1877?",1,paraphrase,High lexical overlap (0.74) with duplicate label.,ques_pairs.csv,train,pending
aug-324544,What are all the physiological/histological changes seen in aging kidneys?,What are all the physiological/histological changes seen in aging hearts?,0,paraphrase,synthetic_simple_paraphrase,enriched_dataset_full.csv,train,pending
aug-388624,How do I solve this thermodynamics problem?,How do we solve the given thermodynamics problem?,0,paraphrase,synthetic_simple_paraphrase,enriched_dataset_full.csv,train,pending
228823,Smart People: What books make you intelligent and clever?,What book must all smart people read?,0,partial_overlap,Moderate lexical overlap (0.23).,ques_pairs.csv,train,pending
aug-120010,which is my PUK code number and where can I find it?,How can I get the PUK code for my LG mobile?,1,paraphrase,synthetic_simple_paraphrase,enriched_dataset_full.csv,train,pending
254556,Which are best cells or batteries available for electric motorcycle?,How do I charge my cell on a motorcycle?,0,unrelated,Low lexical overlap (0.06).,ques_pairs.csv,train,pending
aug-224739,ISIS? join you did Why,Why do people join ISIS?,1,paraphrase,synthetic_simple_paraphrase,enriched_dataset_full.csv,train,pending
159006,What is the best way to forget a girl I had a crush?,How do I forget this girl I had a crush on for 4 years?,1,related_but_not_duplicate,Duplicate label but weak lexical overlap (0.32).,ques_pairs.csv,train,pending
206132,What was Adolf Hitler's management style?,What was Adolf Hitler like in person?,0,partial_overlap,Moderate lexical overlap (0.40).,ques_pairs.csv,train,pending
26683,What are some of the websites similar to carrierbuilder.com?,What websites are similar to Caring.com?,0,partial_overlap,Moderate lexical overlap (0.55).,ques_pairs.csv,train,pending
aug-127229,How do I improve presence of mind?,"I don't understand what to speak in many situations, I go blank. What should I do to improve my presence of mind?",1,paraphrase,synthetic_simple_paraphrase,enriched_dataset_full.csv,train,pending
132947,Development Practice: Have you ever worked on a successful water project in urban Africa? What made it successful?,Development Practice: Have you ever worked on a successful water project in rural Africa? What made it successful?,0,related_but_not_duplicate,High lexical overlap (0.89) but not marked as duplicate.,ques_pairs.csv,train,pending
198533,"Now that Donald Trump is President-elect, who would you support in a war between the USA and Russia?",How did Donald Trump win the 2016 Presidential Election?,0,unrelated,Low lexical overlap (0.12).,ques_pairs.csv,train,pending
aug-338377,which are the benefits of writing in a journal or diary?,How do I write a masters reflective diary?,0,paraphrase,synthetic_simple_paraphrase,enriched_dataset_full.csv,train,pending
236406,What do you think about Galaxy Note 7; Is this a future phone ?,What do you think about the Galaxy Note 4?,0,partial_overlap,Moderate lexical overlap (0.47).,ques_pairs.csv,train,pending
aug-27803,How can I realistically make money online?,How do I earn money online?,1,paraphrase,synthetic_simple_paraphrase,enriched_dataset_full.csv,train,pending
325903,Does shaving head or getting bald helps in hair growth and prevents hair fall?,"If a woman has rapid hair growth but shaves her head, how quickly could it grow and how?",0,unrelated,Low lexical overlap (0.15).,ques_pairs.csv,train,pending
aug-234546,in what way can I get rid of the fat in my thighs?,How do I get rid of the last layer of fat from my belly?,1,paraphrase,synthetic_simple_paraphrase,enriched_dataset_full.csv,train,pending
aug-60239,Do I need an anti-virus for my mac?,Does a Mac need anti-virus software? Why and why not?,1,paraphrase,synthetic_simple_paraphrase,enriched_dataset_full.csv,train,pending
aug-38985,"If death is the end of all consciousness and there is no afterlife, is death a bad thing?",Why do we assume that death is a bad thing?,0,paraphrase,synthetic_simple_paraphrase,enriched_dataset_full.csv,train,pending
aug-57363,which is it that makes data science a promising career option? in what way can one learn it professionally?,What is it that makes data science the most promising career? How can one start learning professionally about it?,1,paraphrase,synthetic_simple_paraphrase,enriched_dataset_full.csv,train,pending
aug-200970,Which one is better camera ..Nikon coolpix a100 or Sony cybershot w830?,Is the Apple TV capable of increasing the resolution of a video to 1080p if that video is sent to it via AirPlay in less than a 1080p resolution?,0,paraphrase,synthetic_simple_paraphrase,enriched_dataset_full.csv,train,pending
aug-179013,"What's the difference between Forever 21, For Love 21, and Love 21?",What is the sizing like for Forever 21?,0,paraphrase,synthetic_simple_paraphrase,enriched_dataset_full.csv,train,pending
aug-397147,How can I prepare notes for theory paper of ca final?,How to prepare for CA Final exams?,0,paraphrase,synthetic_simple_paraphrase,enriched_dataset_full.csv,train,pending
265628,When and how did Sir Lancelot die?,"How did Sir Lancelot die and what was his role in ""The Knights of the Round Table in the Arthurian legend""?",0,partial_overlap,Moderate lexical overlap (0.32).,ques_pairs.csv,train,pending
374298,How do I build a live video streaming system?,How much will it cost to build a video streaming server for HD live videos on mobile devices for a million users with options to expand?,0,partial_overlap,Moderate lexical overlap (0.23).,ques_pairs.csv,train,pending
399208,Who is the most well known person in the world?,Who is the most well-known living woman in the world right now?,0,related_but_not_duplicate,High lexical overlap (0.62) but not marked as duplicate.,ques_pairs.csv,train,pending
aug-352568,What is a satire? which are some examples?,What is an example of satire?,1,paraphrase,synthetic_simple_paraphrase,enriched_dataset_full.csv,train,pending
135798,What precautions should be taken during the process of distillation?,What precautions are to be taken during Orthodontic treatment?,0,partial_overlap,Moderate lexical overlap (0.36).,ques_pairs.csv,train,pending
43874,What is wau in math?,What is WAU?,0,related_but_not_duplicate,High lexical overlap (0.60) but not marked as duplicate.,ques_pairs.csv,train,pending
58896,Do the tower installation companies listed in classifieds for tower installation can ask for registration fees from the owner?,What are consequences of mobile tower in a house?,0,unrelated,Low lexical overlap (0.09).,ques_pairs.csv,train,pending
aug-385586,in what way do people in Malaysia commonly celebrate New Year?,How do I speed up matrix factorization by sampling users (without losing precision)?,0,paraphrase,synthetic_simple_paraphrase,enriched_dataset_full.csv,train,pending
aug-74716,"How can a software developer start freelancing with 2 years of experience in the job, but with no freelance experience?","What are some AWS API and SDK tips, tricks and gotchas?",0,paraphrase,synthetic_simple_paraphrase,enriched_dataset_full.csv,train,pending
245669,What is Hillary Clinton's diplomatic attitude toward India? If she becomes president what India should expect from her?,What will be Hillary Clinton's policy towards India if she gets elected as the president of the United States of America?,1,related_but_not_duplicate,Duplicate label but weak lexical overlap (0.28).,ques_pairs.csv,train,pending
17143,Does money has more importance in life?,How important is money in your life?,1,related_but_not_duplicate,Duplicate label but weak lexical overlap (0.27).,ques_pairs.csv,train,pending
100460,What is the most positive trait you are willing to recognize in Donald Trump?,What are Donald Trump’s positive qualities?,1,related_but_not_duplicate,Duplicate label but weak lexical overlap (0.31).,ques_pairs.csv,train,pending
50127,What are the laws and regulations regarding bail bonds in Alabama and how does it differ from Delaware?,What are the laws and regulations regarding bail bonds in Alabama and how does it differ from Connecticut?,0,related_but_not_duplicate,High lexical overlap (0.89) but not marked as duplicate.,ques_pairs.csv,train,pending
aug-240873,What torrent sites provide the best RSS feeds for torrents of specific TV shows?,What is the best torrent site for TV series and episodes?,0,paraphrase,synthetic_simple_paraphrase,enriched_dataset_full.csv,train,pending
128650,What are promise rings? What purpose do they serve?,What purpose does a promise ring serve?,0,partial_overlap,Moderate lexical overlap (0.36).,ques_pairs.csv,train,pending
304595,How do I write a book? How to start? What knowledge should be gained before writing a book?,How can I write a book? How to start?,1,related_but_not_duplicate,Duplicate label but weak lexical overlap (0.44).,ques_pairs.csv,train,pending
76331,Is the age limit for UPSC likely to be decreased to 26 years?,Is is true/fair to reduce maximum age limit for civil services exam from 32 to 26 years?,0,partial_overlap,Moderate lexical overlap (0.33).,ques_pairs.csv,train,pending
aug-390452,How do I prepare for 12th class in 1 month?,What are some good refresher book for 12th class to prepare in just 2 months?,0,paraphrase,synthetic_simple_paraphrase,enriched_dataset_full.csv,train,pending
aug-265830,Has India really isolated Pakistan globally. If so then why is Russia still holding a joint military exercise with Pakistan?,What do you think of Russian troops arriving in Pakistan for a joint military drill? Is this the biggest failure of the Modi government?,0,paraphrase,synthetic_simple_paraphrase,enriched_dataset_full.csv,train,pending
aug-160093,Why does having a sore throat make my voice deeper?,What are some of the best remedies for a sore throat/raspy voice?,0,paraphrase,synthetic_simple_paraphrase,enriched_dataset_full.csv,train,pending
110786,Do girls like oral sex?,Do women like oral sex?,1,paraphrase,High lexical overlap (0.67) with duplicate label.,ques_pairs.csv,train,pending
74649,What is the best gym in karaikudi for ladies?,What are the best gym in karaikudi for ladies?,1,paraphrase,High lexical overlap (0.80) with duplicate label.,ques_pairs.csv,train,pending
46128,How is government elected in China?,What is the process of government election in China?,1,related_but_not_duplicate,Duplicate label but weak lexical overlap (0.36).,ques_pairs.csv,train,pending
aug-74678,Which is the shortest route from Chennai India to conakry guinea?,"Can I, under Government Privacy Act (1974), ask the FBI to provide any information they have about me?",0,paraphrase,synthetic_simple_paraphrase,enriched_dataset_full.csv,train,pending
aug-387173,What universities does Ring Energy recruit new grads from? What majors are they looking for?,What universities does Xcel Energy recruit new grads from? What majors are they looking for?,0,paraphrase,synthetic_simple_paraphrase,enriched_dataset_full.csv,train,pending
238200,How I can become a millionaire?,How do I become a millionaire now?,1,paraphrase,High lexical overlap (0.62) with duplicate label.,ques_pairs.csv,train,pending
28202,How do I quit smoking?,How do you quit smoking?,1,paraphrase,High lexical overlap (0.67) with duplicate label.,ques_pairs.csv,train,pending
366326,What makes salt able to melt ice?,How does salt melt ice and snow so quickly?,1,related_but_not_duplicate,Duplicate label but weak lexical overlap (0.23).,ques_pairs.csv,train,pending
aug-256063,which are the biggest criticisms of Rahm Emanuel as Chicago Mayor?,What is it like to work with Rahm Emanuel?,0,paraphrase,synthetic_simple_paraphrase,enriched_dataset_full.csv,train,pending
105025,Is mba better than engineering?,Is doing MBA better than diploma engineering?,0,related_but_not_duplicate,High lexical overlap (0.71) but not marked as duplicate.,ques_pairs.csv,train,pending
316681,I opened an account with the ICICI Bank with a passbook just a week back. Is this sufficient for my present address proof for my passport renewal?,Why do some fat women have confidence and some don’t?,0,unrelated,Low lexical overlap (0.00).,ques_pairs.csv,train,pending
17592,What is the performance review of employees like at Zynga?,"What is the employee turnover rate in gaming companies like King, Supercell, Machine Zone or Zynga?",0,partial_overlap,Moderate lexical overlap (0.24).,ques_pairs.csv,train,pending
395716,What do you think about the site ScoopWhoop?,What is this site Quora about?,0,partial_overlap,Moderate lexical overlap (0.27).,ques_pairs.csv,train,pending
390781,What universities does Telecom Systems recruit new grads from? What majors are they looking for?,What universities does Primus Telecom recruit new grads from? What majors are they looking for?,0,related_but_not_duplicate,High lexical overlap (0.87) but not marked as duplicate.,ques_pairs.csv,train,pending
345819,Women in Technology: Women in high tech: what is appropriate dress in your workplace?,Do most women even realize when they're wearing a dress that's considered to be small?,0,unrelated,Low lexical overlap (0.08).,ques_pairs.csv,train,pending
350670,What are the best places to catch rare Pokémon in India?,Which are the best places in the world to find rare pokemons?,0,partial_overlap,Moderate lexical overlap (0.47).,ques_pairs.csv,train,pending
193891,How do I make a Rube Goldberg Machine?,What is the easiest way to make a Rube Goldberg machine?,0,partial_overlap,Moderate lexical overlap (0.36).,ques_pairs.csv,train,pending
243921,Why are some people afraid to think?,Why are people so afraid,0,partial_overlap,Moderate lexical overlap (0.50).,ques_pairs.csv,train,pending
82717,How can one become a politician in india?,How do I become a politician of Nepal?,0,partial_overlap,Moderate lexical overlap (0.33).,ques_pairs.csv,train,pending
aug-290374,Is there anything we can do with old electronic devices?,Can a super conductor be used in electronic devices?,0,paraphrase,synthetic_simple_paraphrase,enriched_dataset_full.csv,train,pending
aug-143762,Is it normal to take omeprazole pills day after day during pregnancy?,What is the best embedded content can I put for kids among 8 to 13 years?,0,paraphrase,synthetic_simple_paraphrase,enriched_dataset_full.csv,train,pending
aug-44419,Where can I get best Remote medical scribe services online?,Where can I get best online medical scribes?,1,paraphrase,synthetic_simple_paraphrase,enriched_dataset_full.csv,train,pending
aug-287281,How can I get rid of a bee sting fast?,Plants: How does one get rid of the sting inflicted by a stinging nettle; 24 hours later my finger is still tingly/numb?,0,paraphrase,synthetic_simple_paraphrase,enriched_dataset_full.csv,train,pending
aug-392197,Why do cats clean themselves by licking their body?,Why do cats clean themselves so often?,1,paraphrase,synthetic_simple_paraphrase,enriched_dataset_full.csv,train,pending
aug-357071,in what way is the word 'perceive' used in a sentence?,How is the word 'spurn' used in a sentence?,0,paraphrase,synthetic_simple_paraphrase,enriched_dataset_full.csv,train,pending
aug-358267,Where do I buy a home in Mumbai under 15-20 lakhs budget?,Where do I buy a home in Mumbai under 20 lakhs budget?,0,paraphrase,synthetic_simple_paraphrase,enriched_dataset_full.csv,train,pending
74499,Which is the best anime to watch?,What are some good anime shows/films to watch?,1,related_but_not_duplicate,Duplicate label but weak lexical overlap (0.23).,ques_pairs.csv,train,pending
aug-298011,How can you earn money from bitcoin?,How much can you earn from a bitcoin?,0,paraphrase,synthetic_simple_paraphrase,enriched_dataset_full.csv,train,pending
aug-231177,How can you earn money on offeronia?,How do I earn more then $100 per hour?,0,paraphrase,synthetic_simple_paraphrase,enriched_dataset_full.csv,train,pending
aug-69152,What is your view about death penalty against rape?,What is your view on death penalty for rape?,1,paraphrase,synthetic_simple_paraphrase,enriched_dataset_full.csv,train,pending
101594,Can god make a rock so heavy that he couldn’t lift it?,"If God can create and lift anything, can God create a rock that He cannot lift?",1,related_but_not_duplicate,Duplicate label but weak lexical overlap (0.39).,ques_pairs.csv,train,pending
aug-6652,in what way is it like to have sex with a stranger?,What is it like to have sex with a friend?,0,paraphrase,synthetic_simple_paraphrase,enriched_dataset_full.csv,train,pending
aug-141560,in what way do I change my profile pic on Quora?,How do I use my picture as my profile picture on Quora?,1,paraphrase,synthetic_simple_paraphrase,enriched_dataset_full.csv,train,pending
105729,"Do living things have their own gravitational pull? If so, what causes it?",What would gravity be like in the center of the earth?,0,unrelated,Low lexical overlap (0.05).,ques_pairs.csv,train,pending
311583,What is the consulting career path at a firm like Deloitte and what percent make it to partner?,How much do Deloitte partners make per year?,0,unrelated,Low lexical overlap (0.09).,ques_pairs.csv,train,pending
aug-343037,What are adverbs? How can I teach my students that in a simple form?,How do you teach kids about adverbs?,1,paraphrase,synthetic_simple_paraphrase,enriched_dataset_full.csv,train,pending
162784,What are some disadvantages of the informal economy?,What are the advantages and disadvantages of an informal economy?,0,related_but_not_duplicate,High lexical overlap (0.64) but not marked as duplicate.,ques_pairs.csv,train,pending
338203,How does Representative Democracy confirms the fairness of democratic princples through it?,Which is the worst teacher that you have meet?,0,unrelated,Low lexical overlap (0.05).,ques_pairs.csv,train,pending
aug-23681,Why do so may people ask questions on Quora that can easily be found by a simple Google searh?,Why do people ask questions on Quora that are easily answerable via a quick internet search?,1,paraphrase,synthetic_simple_paraphrase,enriched_dataset_full.csv,train,pending
327018,What is the biggest lie society has taught you to believe?,What is the biggest lie you've ever been led to believe?,1,related_but_not_duplicate,Duplicate label but weak lexical overlap (0.53).,ques_pairs.csv,train,pending
aug-180010,Do IAS/IFS/IRS officers make good money to afford to travel all over the world on their personal expense?,How many foreign trips on an average does an IAS officer make in a year?,0,paraphrase,synthetic_simple_paraphrase,enriched_dataset_full.csv,train,pending
aug-382712,Which private medical college can I get into with 342 marks?,Which private medical college I can get into with 475 marks?,0,paraphrase,synthetic_simple_paraphrase,enriched_dataset_full.csv,train,pending
225104,My student visa for Australia was refused showing the reason that I am not a genuine temporary entrant. Can I apply for a student visa in New Zealand?,I am a student in India. How can I get the tourist visa/ visitor visa to Australia and New Zealand?,0,partial_overlap,Moderate lexical overlap (0.37).,ques_pairs.csv,train,pending
aug-245055,How can I find investor for my startup firm?,How can I get an investor for my startup?,1,paraphrase,synthetic_simple_paraphrase,enriched_dataset_full.csv,train,pending
214856,What does alcohol buzz feel like?,I drink alcohol to feel my emotions. Why do I do this and how can I stop doing this?,0,unrelated,Low lexical overlap (0.11).,ques_pairs.csv,train,pending
aug-196805,"What is a ""god""?",What is beyond god?,0,paraphrase,synthetic_simple_paraphrase,enriched_dataset_full.csv,train,pending
aug-186927,which are the dietary habbits of a snapping turtle?,What are the dietary habits of a snapping turtle?,1,paraphrase,synthetic_simple_paraphrase,enriched_dataset_full.csv,train,pending
81214,What are VCs and accelerators like YCombinator wrong about when it comes to remote work for startups?,What's it like to be a product designer working remotely for a high growth startup?,0,unrelated,Low lexical overlap (0.19).,ques_pairs.csv,train,pending
341215,What are the types of DC Motors?,What are the applications of a separately excited DC motor?,0,partial_overlap,Moderate lexical overlap (0.42).,ques_pairs.csv,train,pending
aug-122886,which are the names of big companies in India who provide payment solutions to offline retailers like- Future Group or Shoppers Stop?,How are big retail companies putting cash in the bank?,0,paraphrase,synthetic_simple_paraphrase,enriched_dataset_full.csv,train,pending
53996,The resultant of two forces has magnitude 20N. One of the forces has magnitude 20√3N making an angle of 30° with the resultant? What is the magnitude of the other force?,Two equal forces have their resultant equal. At what angle are they inclined to each other?,0,partial_overlap,Moderate lexical overlap (0.21).,ques_pairs.csv,train,pending
aug-231915,What is your review of Chanakya's Chant?,Did Emperor Ashoka ever meet Chanakya?,0,paraphrase,synthetic_simple_paraphrase,enriched_dataset_full.csv,train,pending
198037,Does engineering have scope in India in the present situation?,What is the scope of metallurgical engineering in India?,0,partial_overlap,Moderate lexical overlap (0.38).,ques_pairs.csv,train,pending
397420,How can one overcome porn addiction?,How do I get over my porn addiction?,1,related_but_not_duplicate,Duplicate label but weak lexical overlap (0.27).,ques_pairs.csv,train,pending
aug-147993,What is the significance of Hindi language?,What is your review of Hindi (language)?,1,paraphrase,synthetic_simple_paraphrase,enriched_dataset_full.csv,train,pending
aug-211389,Is it wrong to be in a sexual relationship with someone older than you?,Is it wrong for an 18-year-old to be in a relationship with a 60-year-old? Request,1,paraphrase,synthetic_simple_paraphrase,enriched_dataset_full.csv,train,pending
263959,What are your Christmas traditions?,What is your favourite family Christmas tradition?,1,related_but_not_duplicate,Duplicate label but weak lexical overlap (0.33).,ques_pairs.csv,train,pending
aug-170743,Is it possible to make time machine and do time travel?,Will time travel be possible in the next 10 years?,1,paraphrase,synthetic_simple_paraphrase,enriched_dataset_full.csv,train,pending
aug-336251,Why were gas masks used in 1940?,How were gas masks used in 1940?,1,paraphrase,synthetic_simple_paraphrase,enriched_dataset_full.csv,train,pending
aug-54124,in what way are the inflation and growth of the economy related?,How does inflation boost the growth of the economy?,1,paraphrase,synthetic_simple_paraphrase,enriched_dataset_full.csv,train,pending
aug-252900,"With $20,000 should I invest in starting a real estate portfolio or should I invest in stocks?",I have $150k I'm looking to invest in long term real estate investments. What is the best way to build a portfolio of rental homes & monthly income?,0,paraphrase,synthetic_simple_paraphrase,enriched_dataset_full.csv,train,pending
aug-78688,Will green coffee seeds really help in losing weight without any side effects?,What is contained in green coffee that helps you lose weight?,0,paraphrase,synthetic_simple_paraphrase,enriched_dataset_full.csv,train,pending
313079,Is ZzzQuil generic?,What are some trustworthy medicine brands in the US?,0,unrelated,Low lexical overlap (0.00).,ques_pairs.csv,train,pending
aug-122742,Which movies are the best in 2016?,What are your top 10 favourite movies of 2016?,1,paraphrase,synthetic_simple_paraphrase,enriched_dataset_full.csv,train,pending
33387,What is the best way to learn Synthetic Biology?,How do I develop my interest in synthetic biology?,1,related_but_not_duplicate,Duplicate label but weak lexical overlap (0.12).,ques_pairs.csv,train,pending
aug-112868,IQ? your know you do How,What is the easiest way to know my IQ?,1,paraphrase,synthetic_simple_paraphrase,enriched_dataset_full.csv,train,pending
aug-17501,My friend said computer science is way better than mechanical engineering. Is this true?,Is computer science or mechanical engineering better for the future?,0,paraphrase,synthetic_simple_paraphrase,enriched_dataset_full.csv,train,pending
105050,What is Tesla's Hyperloop?,What is Elon Musk's Hyperloop?,1,related_but_not_duplicate,Duplicate label but weak lexical overlap (0.57).,ques_pairs.csv,train,pending
157135,Where can I find high-resolution emoji?,What does the purple emoji heart mean?,0,unrelated,Low lexical overlap (0.08).,ques_pairs.csv,train,pending
3217,Why did Mahatma Gandhi not get Bharat Ratna or the Nobel Peace Prize?,Why Mahatma Gandhi didn't get Bharat Ratna?,1,related_but_not_duplicate,Duplicate label but weak lexical overlap (0.40).,ques_pairs.csv,train,pending
50451,How should prepare for a Google onsite interview in 3 weeks?,What should I do to prepare for Google onsite interview in 3 weeks?,1,paraphrase,High lexical overlap (0.60) with duplicate label.,ques_pairs.csv,train,pending
389620,How do you say demon king in Japanese?,How do you say demon in Japanese?,0,related_but_not_duplicate,High lexical overlap (0.88) but not marked as duplicate.,ques_pairs.csv,train,pending
aug-185239,Which is the best english grammar book to teach highschool level?,What is the best book to learn English?,0,paraphrase,synthetic_simple_paraphrase,enriched_dataset_full.csv,train,pending
345941,"Why do I want my narcissist ex-partner back, even though he abused me?",Will my narc ex ever come back to me even though he hates me right now?,0,partial_overlap,Moderate lexical overlap (0.32).,ques_pairs.csv,train,pending
aug-248868,chives? for uses great are What,What are chives? How are they used?,1,paraphrase,synthetic_simple_paraphrase,enriched_dataset_full.csv,train,pending
aug-265397,How do you ask a guy who is more attractive than you on a date?,I can attract a guy but can't keep him interested in more than a few dates. What can I do to prevent this?,0,paraphrase,synthetic_simple_paraphrase,enriched_dataset_full.csv,train,pending
aug-67480,"in what way safe is Papua New Guinea, and how does it's crime rate compare to Bolivia's?","How safe is Papua New Guinea, and how does it's crime rate compare to Afghanistan's?",0,paraphrase,synthetic_simple_paraphrase,enriched_dataset_full.csv,train,pending
4169,What is the best Alan Watts book?,What is a good free book on the topic of justice?,0,partial_overlap,Moderate lexical overlap (0.29).,ques_pairs.csv,train,pending
357328,Can I use polyvore images on my website?,Can I share other's polyvore sets on my company social networking pages or do I need to provide the link for the image?,0,partial_overlap,Moderate lexical overlap (0.20).,ques_pairs.csv,train,pending
103039,What are the most beautiful words in the Arabic language?,What's special about the Arabic language?,0,partial_overlap,Moderate lexical overlap (0.33).,ques_pairs.csv,train,pending
aug-336365,How successful was odd even plan?,Was odd even formula a successful initiative in delhi?,1,paraphrase,synthetic_simple_paraphrase,enriched_dataset_full.csv,train,pending
61641,Will the decision to demonetize 500 and 1000 rupee notes help to curb black money?,How is discontinuing 500 and 1000 rupee note going to put a hold on black money in India?,1,related_but_not_duplicate,Duplicate label but weak lexical overlap (0.28).,ques_pairs.csv,train,pending
222417,Are cold showers safe for someone with a heart condition?,Is it safe to take extreme cold shower?,0,unrelated,Low lexical overlap (0.12).,ques_pairs.csv,train,pending
aug-203720,in what way can I write a statement of purpose for an internship at a foreign university?,How do I write a statement of purpose for business analytics?,0,paraphrase,synthetic_simple_paraphrase,enriched_dataset_full.csv,train,pending
aug-127976,How do I lose weight in weeks?,How do I lose a minimum of 5kg of weight in just 1 week?,0,paraphrase,synthetic_simple_paraphrase,enriched_dataset_full.csv,train,pending
175178,What is bulking up?,How do I bulk up?,0,unrelated,Low lexical overlap (0.12).,ques_pairs.csv,train,pending
aug-268035,What is best place in India?,Is Bombay the best place in India?,0,paraphrase,synthetic_simple_paraphrase,enriched_dataset_full.csv,train,pending
352951,What is the best diet and exercise plan for type 2 diabetics?,What is a good diet plan for type 2 diabetes?,0,partial_overlap,Moderate lexical overlap (0.47).,ques_pairs.csv,train,pending
343301,Are there any drawbacks in Digital India?,What are the benefits of Digital India?,0,partial_overlap,Moderate lexical overlap (0.27).,ques_pairs.csv,train,pending
aug-400656,in what way can I increase traffic to a story blog?,How can I increase the traffic on a site?,1,paraphrase,synthetic_simple_paraphrase,enriched_dataset_full.csv,train,pending
aug-16163,How can I learn meditation?,Where can I start to learn meditation?,1,paraphrase,synthetic_simple_paraphrase,enriched_dataset_full.csv,train,pending
aug-109781,Who makes the best tattoo machines and kits?,Who makes the best tattoo machines?,1,paraphrase,synthetic_simple_paraphrase,enriched_dataset_full.csv,train,pending
15383,How far is the Sun from Earth?,How faraway is the sun is from here?,1,related_but_not_duplicate,Duplicate label but weak lexical overlap (0.56).,ques_pairs.csv,train,pending
387796,What is front end and back end development?,What are the technical differences between a front-end and back-end developer?,0,partial_overlap,Moderate lexical overlap (0.36).,ques_pairs.csv,train,pending
aug-126856,How exactly does banning Rs 500 and Rs 1000 notes curb the problem of black money?,How would demonetizing 500 and 1000 rupee notes and introducing new 2000 rupee notes help curb black money and corruption?,1,paraphrase,synthetic_simple_paraphrase,enriched_dataset_full.csv,train,pending
196745,What are relative density's units?,What is relative density?,0,partial_overlap,Moderate lexical overlap (0.43).,ques_pairs.csv,train,pending
165863,Why are people with ADHD so disorganized?,Why are people with ADHD disorganized?,1,paraphrase,High lexical overlap (0.86) with duplicate label.,ques_pairs.csv,train,pending
aug-108337,Which was the worst phase of your life?,What is the worst phase of life?,0,paraphrase,synthetic_simple_paraphrase,enriched_dataset_full.csv,train,pending
aug-41137,Where can I sell my unimplemented business idea?,I have many online business ideas. How can I sell them?,1,paraphrase,synthetic_simple_paraphrase,enriched_dataset_full.csv,train,pending
aug-375235,What are the benefits of forward-swept wing design on fighter jets?,"Why don't we use drone operators to fly fighter jets? If we designed the jets to be operated from the ground, could it pull tighter turns?",0,paraphrase,synthetic_simple_paraphrase,enriched_dataset_full.csv,train,pending
aug-159119,which is the best passive investment strategy?,What are the best strategies for stock market investing?,0,paraphrase,synthetic_simple_paraphrase,enriched_dataset_full.csv,train,pending
aug-186779,which are some of the best Hindi short films on youtube?,Which are the best short movies on Youtube made by Indians?,1,paraphrase,synthetic_simple_paraphrase,enriched_dataset_full.csv,train,pending
aug-402245,Do you think all atheists will go to hell (or deserve eternal punishment and suffering) just because we don't believe in the existence of a superior being?,"As an atheist, you wake up in hell and in time realise God really exists. Whom do you ask for help?",0,paraphrase,synthetic_simple_paraphrase,enriched_dataset_full.csv,train,pending
aug-242134,How many calories must be consumed in a day?,How many calories does a tree consume a day?,0,paraphrase,synthetic_simple_paraphrase,enriched_dataset_full.csv,train,pending
304428,How can you delete your Yahoo account?,How can can I delete my yahoo email account?,1,related_but_not_duplicate,Duplicate label but weak lexical overlap (0.50).,ques_pairs.csv,train,pending
88915,What are some historical events that happened in 2006?,What historical event happened in 1961?,0,partial_overlap,Moderate lexical overlap (0.36).,ques_pairs.csv,train,pending
aug-137945,in what way can I push back consumer complaints in Google?,What is the procedure to file a complaint in consumer court against TPA?,0,paraphrase,synthetic_simple_paraphrase,enriched_dataset_full.csv,train,pending
aug-272807,"Why cars and planes are provided by speed onmeter, compass mile age?",What determines the speed of light?,0,paraphrase,synthetic_simple_paraphrase,enriched_dataset_full.csv,train,pending
aug-102872,in what way do I add topics to a question on Quora?,How can I add more than one topic to a question on Quora?,1,paraphrase,synthetic_simple_paraphrase,enriched_dataset_full.csv,train,pending
264257,How common is it for people to regret having children?,Do people regret having children?,1,related_but_not_duplicate,Duplicate label but weak lexical overlap (0.36).,ques_pairs.csv,train,pending
aug-80327,Harry Potter (creative franchise): Are bullets faster than spells?,Harry Potter (creative franchise): How do wizards invent spells?,0,paraphrase,synthetic_simple_paraphrase,enriched_dataset_full.csv,train,pending
aug-94598,in what way can I increase the traffic on my Blogger?,Which SEO tips are required to increase the traffic of a Blogger (blogspot) blog?,1,paraphrase,synthetic_simple_paraphrase,enriched_dataset_full.csv,train,pending
201537,What are the best programming blogs?,What is best programming blogs?,1,related_but_not_duplicate,Duplicate label but weak lexical overlap (0.57).,ques_pairs.csv,train,pending
aug-359516,How can I improve my English speaking skills as well as writing skills?,What are the best ways to improve my writing skills in English.?,1,paraphrase,synthetic_simple_paraphrase,enriched_dataset_full.csv,train,pending
155241,Can Indian national flag be hoisted even after sun set?,Why was the first Indian Flag hoisted at The Red Fort?,0,unrelated,Low lexical overlap (0.18).,ques_pairs.csv,train,pending
125969,What does a programmer visualize or think while writing code?,How does a visually impaired computer programmer program?,0,partial_overlap,Moderate lexical overlap (0.20).,ques_pairs.csv,train,pending
aug-155658,Do short people have lower self esteem?,"Would most Dutch people call a 180cm guy ""the short guy""?",0,paraphrase,synthetic_simple_paraphrase,enriched_dataset_full.csv,train,pending
aug-168365,in what way much time does an average student take to complete CA?,How much time does it take for an average student to complete CA after class 12?,1,paraphrase,synthetic_simple_paraphrase,enriched_dataset_full.csv,train,pending
aug-177827,Does Congress party digging their grave slowly as they are opposing everything done by PM Modi like saying Jay Shriram or surgical strikes?,Does Congress party digging their own grave slowly as they opposing everything done by PM Modi like saying Jay Shriram or doing surgical strikes?,1,paraphrase,synthetic_simple_paraphrase,enriched_dataset_full.csv,train,pending
aug-281976,Where can I get good scripts for short films?,What are some good quality scripts for short films?,1,paraphrase,synthetic_simple_paraphrase,enriched_dataset_full.csv,train,pending
aug-136659,How can I lose my weight quickly ?,How do I lose weight fast by perfect weight Loss plan?,1,paraphrase,synthetic_simple_paraphrase,enriched_dataset_full.csv,train,pending
aug-198345,Why do you think Donald Trump will win the presidential election?,Why will Donald Trump win this year’s election?,1,paraphrase,synthetic_simple_paraphrase,enriched_dataset_full.csv,train,pending
368295,Does a bullet train have wheels?,Does bullet trains has wheels?,1,related_but_not_duplicate,Duplicate label but weak lexical overlap (0.38).,ques_pairs.csv,train,pending
180729,Is there an English Communication test after AMCAT? I didn't get any such call,Has Dushka Zapata taken an MBTI Test? What is her personality type? Did she gain new insight?,0,unrelated,Low lexical overlap (0.10).,ques_pairs.csv,train,pending
aug-57344,Why Shimla is cooler than Delhi in summers?,Why is Shimla cooler than Delhi?,0,paraphrase,synthetic_simple_paraphrase,enriched_dataset_full.csv,train,pending
aug-154642,What happens to the money that is offered in temple hundi?,What happens with the crores of donation money which people give in temples?,1,paraphrase,synthetic_simple_paraphrase,enriched_dataset_full.csv,train,pending
aug-33539,which are the best ways to cook pork striploin?,What is the best way to cook pork?,0,paraphrase,synthetic_simple_paraphrase,enriched_dataset_full.csv,train,pending
240296,What are the best exercises to build best chest?,What is the best exercise to build triceps?,0,partial_overlap,Moderate lexical overlap (0.45).,ques_pairs.csv,train,pending
402399,"If a 28 year old guy is suicidal due to the FRUSTRATION of not having sex ever in his life, is this normal?","If a 28 year old guy is suicidal due to the FRUSTRATION of not having sex ever in life, is this normal?",1,paraphrase,High lexical overlap (0.95) with duplicate label.,ques_pairs.csv,train,pending
246188,What is the best online project management tool?,What is the best project management tool?,0,related_but_not_duplicate,High lexical overlap (0.88) but not marked as duplicate.,ques_pairs.csv,train,pending
165415,What are some experiences when hiring a completely inexperienced worker from a different field who eventually became an excellent worker?,"What is the grammar context: until WWII, more people died of A than B?",0,unrelated,Low lexical overlap (0.07).,ques_pairs.csv,train,pending
67006,What is your biggest regret or mistake?,What is your biggest regrett in life?,1,related_but_not_duplicate,Duplicate label but weak lexical overlap (0.40).,ques_pairs.csv,train,pending
324167,What are the safety precautions on handling shotguns proposed by the NRA in Rhode Island?,What are the safety precautions on handling shotguns ?,1,related_but_not_duplicate,Duplicate label but weak lexical overlap (0.57).,ques_pairs.csv,train,pending
305740,Is drinking apple cider vinegar good for you and why?,Is apple cider good for you?,0,related_but_not_duplicate,High lexical overlap (0.60) but not marked as duplicate.,ques_pairs.csv,train,pending
375576,"Which car services are available in Kitchener, ON? How good are they compared to taxis and relative to each other?",Which car services are available in Detroit? How good are they compared to taxis and relative to each other?,0,related_but_not_duplicate,High lexical overlap (0.84) but not marked as duplicate.,ques_pairs.csv,train,pending
aug-122814,"If you could change one thing about the education system, what would it be?","If you could change anything about education, what would it be and why?",1,paraphrase,synthetic_simple_paraphrase,enriched_dataset_full.csv,train,pending
251338,"How are electron, positron and gamma photon created from a vacuum?","How electron, positron and gamma photon created from vacuum?",1,paraphrase,High lexical overlap (0.82) with duplicate label.,ques_pairs.csv,train,pending
7619,"According to Indian constituency article 24 child labour is prohibited. Does that mean the children who are working in Bollywood and dramas are not doing labour, but the children working in industries are doing labour? Why this distinction?",What can a individual do to stop child labour?,0,unrelated,Low lexical overlap (0.09).,ques_pairs.csv,train,pending
49103,How can I find the real true purpose of my life?,What is the purpose of your life?,1,related_but_not_duplicate,Duplicate label but weak lexical overlap (0.29).,ques_pairs.csv,train,pending
aug-159060,which are strange souvenirs for in Pokemon Sun and Moon games?,Do you think there will ever be paid DLC for Pokémon Sun and Moon?,0,paraphrase,synthetic_simple_paraphrase,enriched_dataset_full.csv,train,pending
110391,What are the best horror films?,What's the best horror film ever?,1,related_but_not_duplicate,Duplicate label but weak lexical overlap (0.44).,ques_pairs.csv,train,pending
aug-386920,which does it mean when two people share the same dream?,What does it mean when two persons dream the same thing?,1,paraphrase,synthetic_simple_paraphrase,enriched_dataset_full.csv,train,pending
aug-60434,"What are the best depressing movies, and why?",Which is the one movie scene you watch again and again?,0,paraphrase,synthetic_simple_paraphrase,enriched_dataset_full.csv,train,pending
352559,What are the best coaching institutes for Advanced Java in Hyderabad?,What is a good institute to learn Advanced Java in Hyderabad?,1,related_but_not_duplicate,Duplicate label but weak lexical overlap (0.29).,ques_pairs.csv,train,pending
74578,What is the best violin musical piece of all time?,What's the best piece of music of all the time?,0,partial_overlap,Moderate lexical overlap (0.58).,ques_pairs.csv,train,pending
70159,Which are the most beautiful photos of Spiders and/or Spiderwebs you've seen?,Spiders: What are some of the most beautiful photos of spiderwebs?,1,related_but_not_duplicate,Duplicate label but weak lexical overlap (0.50).,ques_pairs.csv,train,pending
aug-159324,Is hemoglobin considered a red blood cell?,What does the hemoglobin in red blood cells do?,0,paraphrase,synthetic_simple_paraphrase,enriched_dataset_full.csv,train,pending
249528,How do I get my wife to give me oral sex?,How can I get my wife to give more oral sex?,1,paraphrase,High lexical overlap (0.69) with duplicate label.,ques_pairs.csv,train,pending
283350,What are the best gifts that you have ever received?,What is the best gift you ever received?,1,related_but_not_duplicate,Duplicate label but weak lexical overlap (0.50).,ques_pairs.csv,train,pending
aug-259318,What is the easiest way of being content?,How can I be content with myself?,0,paraphrase,synthetic_simple_paraphrase,enriched_dataset_full.csv,train,pending
2388,What is the sallary of a bank po?,"I yell at my girl friend very often, even for silly things.But I love her more than anything.What should I do to control my anger and start love her?",0,unrelated,Low lexical overlap (0.03).,ques_pairs.csv,train,pending
aug-131533,Where can I get a variety of painting and decorating services at Coogee?,Where can I get variety of painting services in Parramatta?,0,paraphrase,synthetic_simple_paraphrase,enriched_dataset_full.csv,train,pending
62098,Why do you love living in Toronto?,Is Toronto a nice place to live?,0,unrelated,Low lexical overlap (0.08).,ques_pairs.csv,train,pending
aug-328544,What are some anti-Semitic questions you've seen on Quora?,Why are there so many Anti-Semitic questions on Quora?,0,paraphrase,synthetic_simple_paraphrase,enriched_dataset_full.csv,train,pending
2961,Is competitive coding practice essential for placement in IT firms?,"What is the use of the rank you get in CodeChef, HackerRank or TopCoder? Is it of any use during placement, will it get me a job or internship in a good company?",0,unrelated,Low lexical overlap (0.13).,ques_pairs.csv,train,pending
aug-268537,How do I get pregnant just after my periods?,Can you get pregnant a couple days before your period?,1,paraphrase,synthetic_simple_paraphrase,enriched_dataset_full.csv,train,pending
aug-230219,"When do we use na, da and do in Portuguese?","When do you use em, no and na in Portuguese?",0,paraphrase,synthetic_simple_paraphrase,enriched_dataset_full.csv,train,pending
269616,Why do guys cheat?,Why some guys cheat?,1,paraphrase,High lexical overlap (0.60) with duplicate label.,ques_pairs.csv,train,pending
aug-285233,Relation between phase & line voltage?,"If phase voltage is increased, what will happen to line voltage?",0,paraphrase,synthetic_simple_paraphrase,enriched_dataset_full.csv,train,pending
334789,What are the top 10 books on Goodreads with a rating of 4.5+ reviewed by more than 100K users?,What are the top 5 books that lower your IQ?,0,partial_overlap,Moderate lexical overlap (0.25).,ques_pairs.csv,train,pending
240917,Should I remain friends with my ex?,Should I stay friends with my ex?,1,paraphrase,High lexical overlap (0.75) with duplicate label.,ques_pairs.csv,train,pending
aug-228367,Do you think Nikola Tesla is overrated?,Is Nikola Tesla overrated?,1,paraphrase,synthetic_simple_paraphrase,enriched_dataset_full.csv,train,pending
219557,Can Starbucks baristas give out their personal phone number?,"Marriage: My separated wife refuses to give me her phone number... is this wrong? We are working things out, but only she can call me.",0,unrelated,Low lexical overlap (0.18).,ques_pairs.csv,train,pending
aug-362773,Why is it that a lot of Chinese people don't feel oppressed by their regime but some foreigners insist they are?,Why is it that alot of Chinese people don't feel oppressed by their regime?,1,paraphrase,synthetic_simple_paraphrase,enriched_dataset_full.csv,train,pending
aug-51263,which do should I do when it is too late to go to the shops and I find that I've run out of contact lens solution and I do need to wear my contacts the next day?,What are the little hairs in used contact lens solution and how do they form?,0,paraphrase,synthetic_simple_paraphrase,enriched_dataset_full.csv,train,pending
337987,Would there be life on the Earth without the moon?,What would the world look like without the moon?,1,related_but_not_duplicate,Duplicate label but weak lexical overlap (0.31).,ques_pairs.csv,train,pending
151868,What are best websites to buy Bamboo bags handcrafted from North East India?,Is it possible to get virus on my cell phone through opening a message on Facebook messenger?,0,unrelated,Low lexical overlap (0.04).,ques_pairs.csv,train,pending
aug-195139,Where can I find Cadbury nutties in Bangalore?,Where can I buy Cadbury nutties in Gurgaon?,0,paraphrase,synthetic_simple_paraphrase,enriched_dataset_full.csv,train,pending
44121,What are some Must watch movies and documentaries for motivating programmers?,"What are ""must knows"" of a modern day programmer?",0,unrelated,Low lexical overlap (0.18).,ques_pairs.csv,train,pending
aug-251449,I know Python. To learn Apache Kafka should I know Java?,Should I know Java for learning Apache Kafka?,1,paraphrase,synthetic_simple_paraphrase,enriched_dataset_full.csv,train,pending
296616,Will transhumanism immortality become a reality?,How do you become immortal?,1,related_but_not_duplicate,Duplicate label but weak lexical overlap (0.10).,ques_pairs.csv,train,pending
192356,How do you fix a broken iPhone 4 external speaker?,How do you fix broken iPhone 4 speakers?,1,paraphrase,High lexical overlap (0.64) with duplicate label.,ques_pairs.csv,train,pending
3898,How may I contribute to the world of open source?,How do I get involved in open source?,1,related_but_not_duplicate,Duplicate label but weak lexical overlap (0.29).,ques_pairs.csv,train,pending
336506,What are some good ways I can get ahead and start leveling up quicker?,"I am looking to start my own cooking classes, what is the best way to put it out there and promote to get people to sign up?",0,unrelated,Low lexical overlap (0.19).,ques_pairs.csv,train,pending
aug-220995,Gavaskar? Rohan to happend which,What happened to the great cricketer named Rohan Gavaskar?,1,paraphrase,synthetic_simple_paraphrase,enriched_dataset_full.csv,train,pending
20666,What is the laser printer structure?,What does a laser printer do?,0,partial_overlap,Moderate lexical overlap (0.33).,ques_pairs.csv,train,pending
212366,What does a cocaine high feel like?,Is crack cheaper than cocaine?,0,unrelated,Low lexical overlap (0.09).,ques_pairs.csv,train,pending
73860,How do wine aerators work?,Why do you aerate wine? Is it possible to aerate wine without a wine aerator?,0,unrelated,Low lexical overlap (0.13).,ques_pairs.csv,train,pending
36774,Does a girl lose virginity during masturbation?,What if a girl loses her virginity?,0,partial_overlap,Moderate lexical overlap (0.27).,ques_pairs.csv,train,pending
aug-213835,which is the best business to start in rural areas?,What is rural area?,0,paraphrase,synthetic_simple_paraphrase,enriched_dataset_full.csv,train,pending
aug-56473,Do you'll think World War 3 will happen and why?,What could potentially spark World War III?,1,paraphrase,synthetic_simple_paraphrase,enriched_dataset_full.csv,train,pending
aug-130091,which are the best way to gain confidence?,How do I gain self-confidence?,1,paraphrase,synthetic_simple_paraphrase,enriched_dataset_full.csv,train,pending
302622,What are good books for data structures in Java?,Which is the Best book to learn data structure in Java?,1,related_but_not_duplicate,Duplicate label but weak lexical overlap (0.18).,ques_pairs.csv,train,pending
aug-217372,"If 22/7 is rational, why is pi irrational?","Can an irrational number, like e, be expressed as a fraction in terms of another unrelated irrational, like pi?",0,paraphrase,synthetic_simple_paraphrase,enriched_dataset_full.csv,train,pending
aug-69301,Why did Jeb Bush run for president?,Will Jeb Bush run for president again?,1,paraphrase,synthetic_simple_paraphrase,enriched_dataset_full.csv,train,pending
aug-301964,Is Judaism polytheistic?,What is Judaism? Is it a way of life or a recognized religion?,0,paraphrase,synthetic_simple_paraphrase,enriched_dataset_full.csv,train,pending
aug-87514,in what way do I prepare for neet 2017 by self study?,How can I start preparing for neet 2017?,0,paraphrase,synthetic_simple_paraphrase,enriched_dataset_full.csv,train,pending
aug-283325,in what way do you paint your rims black?,How do you paint chrome rims black?,1,paraphrase,synthetic_simple_paraphrase,enriched_dataset_full.csv,train,pending
aug-377991,Why do we have different time zones on earth? Is time different for different places in the universe?,How do you get used to living in a different time zone if you moved to a different country?,0,paraphrase,synthetic_simple_paraphrase,enriched_dataset_full.csv,train,pending
aug-126473,trading? market stock online is What,What is online stock trading?,1,paraphrase,synthetic_simple_paraphrase,enriched_dataset_full.csv,train,pending
aug-348081,How do I clean a belly piercing?,How do you clean a neck piercing?,0,paraphrase,synthetic_simple_paraphrase,enriched_dataset_full.csv,train,pending
391464,Should I learn HTML and CSS before jumping into JavaScript?,How do I learn web development as quickly as possible?,0,unrelated,Low lexical overlap (0.12).,ques_pairs.csv,train,pending
aug-10156,Why am I nervous around girls in real life?,I am 23. I am shy and unable to talk to any girl because i get nervous and freaked out around them. What is the solution?,0,paraphrase,synthetic_simple_paraphrase,enriched_dataset_full.csv,train,pending
370534,How do you fix a broken finger that healed crooked?,How can I heal a broken finger quicker?,0,partial_overlap,Moderate lexical overlap (0.29).,ques_pairs.csv,train,pending
aug-125980,Would I have a light skinned baby if I'm dark skinned and my wife is light skinned?,What skin color my children will have if I'm dark skinned and my wife is light skinned?,1,paraphrase,synthetic_simple_paraphrase,enriched_dataset_full.csv,train,pending
aug-199976,"in what way do I gain access to a person's instagram photos, if their account is private?",How do I look at someone's Instagram when it's private?,1,paraphrase,synthetic_simple_paraphrase,enriched_dataset_full.csv,train,pending
246479,What is your logical opinion regarding India’s surgical strikes in Pakistan?,What do you think of India’s surgical strikes that took place against terrorists in Pakistan?,1,related_but_not_duplicate,Duplicate label but weak lexical overlap (0.33).,ques_pairs.csv,train,pending
aug-286311,which does it mean to be wise and how can I become it?,Wisdom: What is a wise person?,0,paraphrase,synthetic_simple_paraphrase,enriched_dataset_full.csv,train,pending
265256,What is the equation of a spiral in X-Y plane with its final center or collapsing point at origin? And what is the equation of our milky way galaxy spirals?,How would I find the equation of the tangent to x^2+y^2=100 at the point on the circumference with x coordinate 6 and a positive y coordinate?,0,partial_overlap,Moderate lexical overlap (0.26).,ques_pairs.csv,train,pending
311886,How can I slowly lose weight?,What's the best plan to lose weight?,1,related_but_not_duplicate,Duplicate label but weak lexical overlap (0.17).,ques_pairs.csv,train,pending
148522,"What is the difference between gin, vodka, whiskey and rum?",How do gin and gin rummy differ?,0,unrelated,Low lexical overlap (0.14).,ques_pairs.csv,train,pending
152154,What happened to Iranian Mehran Karimi Nasseri after he finally left Charles De Gaulle Airport after 17 years in limbo? Where is he now?,Which lounge in Paris' Charles de Gaulle airport has showers?,0,unrelated,Low lexical overlap (0.19).,ques_pairs.csv,train,pending
aug-205340,Why are things in Canada much more expensive than in the States?,Why are house prices in Canada on average so much higher than in the United States?,0,paraphrase,synthetic_simple_paraphrase,enriched_dataset_full.csv,train,pending
aug-126007,What is the working of reaction turbine?,What are Reaction turbines?,1,paraphrase,synthetic_simple_paraphrase,enriched_dataset_full.csv,train,pending
243971,What will I be doing as an internship analyst at Goldman Sachs?,How can I get an internship at Goldman Sachs?,1,related_but_not_duplicate,Duplicate label but weak lexical overlap (0.40).,ques_pairs.csv,train,pending
253430,Why does Facebook show seen on the date of message being sent when the message was delivered after some days?,How can I tell if someone has blocked my messages on Facebook?,0,unrelated,Low lexical overlap (0.07).,ques_pairs.csv,train,pending
aug-387574,Which are all books study for KAS exam?,Which books do I have to study for a DU M.Com entrance exam?,0,paraphrase,synthetic_simple_paraphrase,enriched_dataset_full.csv,train,pending
119474,How can I overcome a bad mood?,What I can do when I have bad mood?,1,related_but_not_duplicate,Duplicate label but weak lexical overlap (0.36).,ques_pairs.csv,train,pending
74346,Which is the best quickbooks auto data recovery support number?,Which is the best QuickBooks Hosting Support Number in New York?,1,related_but_not_duplicate,Duplicate label but weak lexical overlap (0.50).,ques_pairs.csv,train,pending
aug-313540,Why there are only questions about IITs and nits in Quora? There is so much to question about?,Is it normal that pulling syringe back and forth when taking blood from hand? Or is it so serious condition.,0,paraphrase,synthetic_simple_paraphrase,enriched_dataset_full.csv,train,pending
247792,How do I resist checking my mobile notifications and social media every few minutes?,How can I pull back gmail to check my email every 90 minutes or so?,0,partial_overlap,Moderate lexical overlap (0.21).,ques_pairs.csv,train,pending
46257,"Where's the best place to order fresh, delicious and low-cost grapefruits online? What about other fruits?",Where is the best place to buy decent fruit in the west end of Toronto?,0,unrelated,Low lexical overlap (0.19).,ques_pairs.csv,train,pending
aug-250588,"Which is more harmful, marijuana or tobacco?","Which is relatively more harmful: tobacco, alcohol, or marijuana?",0,paraphrase,synthetic_simple_paraphrase,enriched_dataset_full.csv,train,pending
92152,"What will be the derivative of x|x|, if x is -1",What is derivative of f(x) =x?,0,partial_overlap,Moderate lexical overlap (0.45).,ques_pairs.csv,train,pending
171615,What will the transition to vegetarian eating be like? Will I experience withdrawal symptoms from meat?,How can a vegetarian become a non-vegetarian?,0,unrelated,Low lexical overlap (0.05).,ques_pairs.csv,train,pending
aug-345370,Why do some Americans think Hillary Clinton is evil?,Why is Hillary Clinton so evil?,1,paraphrase,synthetic_simple_paraphrase,enriched_dataset_full.csv,train,pending
2342,How do you print a family tree from Ancestry.com?,How can I print documents from ancestry?,0,partial_overlap,Moderate lexical overlap (0.31).,ques_pairs.csv,train,pending
279085,Specific Jobs and Careers: What is the core difference between an iOS Engineer and iOS Developer?,Am I qualified to apply to iOS developer job postings?,0,unrelated,Low lexical overlap (0.10).,ques_pairs.csv,train,pending
aug-315735,landfill? sanitary a is What,How sanitary are landfills?,0,paraphrase,synthetic_simple_paraphrase,enriched_dataset_full.csv,train,pending
aug-49209,What will be your 2017 resolution?,What are your 2017 resolutions?,1,paraphrase,synthetic_simple_paraphrase,enriched_dataset_full.csv,train,pending
aug-79814,How are immunoglobulins and antibodies formed?,What lymphocytes produce antibodies? How are they produced?,0,paraphrase,synthetic_simple_paraphrase,enriched_dataset_full.csv,train,pending
37985,"Which is the best to read! Is it "" how to read a book of 1940 "" or the second version of 1972 ""?","Which is the best to read! Is it "" how to read a book 1940 "" or the second version of 1972 ""?",1,paraphrase,High lexical overlap (1.00) with duplicate label.,ques_pairs.csv,train,pending
aug-341090,What were some mindblowing legal cases and arguments?,"Any examples of  the mind-blowing, awesome arguments given in the court of law by which the case turned around?",0,paraphrase,synthetic_simple_paraphrase,enriched_dataset_full.csv,train,pending
aug-257683,Why was the Roman Empire so successful?,When did the Roman Empire start?,0,paraphrase,synthetic_simple_paraphrase,enriched_dataset_full.csv,train,pending
aug-73346,"I have selected in HCL TSS Leap Program, should I grab this opportunity?",What is HCL Leap program?,0,paraphrase,synthetic_simple_paraphrase,enriched_dataset_full.csv,train,pending
126495,What are the best business ideas in India to start with Rs.5 lakh?,What is the best business to start with a capital of 5 lakhs?,1,related_but_not_duplicate,Duplicate label but weak lexical overlap (0.42).,ques_pairs.csv,train,pending
177172,What are eco-friendly buildings?,What can be done to make a building more eco friendly?,0,partial_overlap,Moderate lexical overlap (0.23).,ques_pairs.csv,train,pending
aug-69014,which is the salary of civil engineer?,What is the average salary of a civil engineer?,1,paraphrase,synthetic_simple_paraphrase,enriched_dataset_full.csv,train,pending
74382,What's the most embarrassing thing you've ever said in another language by accident?,What's the most ridiculous thing you've ever unintentionally said when trying to speak a foreign language?,1,related_but_not_duplicate,Duplicate label but weak lexical overlap (0.43).,ques_pairs.csv,train,pending
aug-384548,How does it feel to be a gay or lesbian in India?,How does it feel like to be gay in India?,1,paraphrase,synthetic_simple_paraphrase,enriched_dataset_full.csv,train,pending
aug-24137,Benifits of government job?,How we can use loop in C++ to decrement the string?,0,paraphrase,synthetic_simple_paraphrase,enriched_dataset_full.csv,train,pending
aug-191574,in what way can I do a 3D art work?,How can I do Art Therapy alone without the guidance of a qualified Art Therapist?,0,paraphrase,synthetic_simple_paraphrase,enriched_dataset_full.csv,train,pending
aug-267578,How can I download Tamil movies?,How can I legally download a movie trailer?,0,paraphrase,synthetic_simple_paraphrase,enriched_dataset_full.csv,train,pending
121427,Who will win the US election?,"Who will win the us 2016 presidential elections, and give reasons for your answer?",1,related_but_not_duplicate,Duplicate label but weak lexical overlap (0.33).,ques_pairs.csv,train,pending
212788,What are the various options available for an ECE student in core and how can one implement it?,What should I do to not be emotional?,0,unrelated,Low lexical overlap (0.04).,ques_pairs.csv,train,pending
aug-60165,Which is the best power bank for smartphones to buy in India?,What are some good power banks to buy in India?,0,paraphrase,synthetic_simple_paraphrase,enriched_dataset_full.csv,train,pending
aug-247753,Why doesn't Quora support emoji?,Why doesn't Quora support smileys?,1,paraphrase,synthetic_simple_paraphrase,enriched_dataset_full.csv,train,pending
aug-258124,Where can I found best quality cosmetic contact lenses in Sydney?,Where can I buy best quality colored contact lenses in Sydney?,0,paraphrase,synthetic_simple_paraphrase,enriched_dataset_full.csv,train,pending
aug-284785,in what way did you specialize as a software developer?,"I want to learn andriod app developing, how do I start? And I don't know any programing language",0,paraphrase,synthetic_simple_paraphrase,enriched_dataset_full.csv,train,pending
41699,What is diffusion? What are some examples?,What are examples of diffusion in gases?,0,partial_overlap,Moderate lexical overlap (0.44).,ques_pairs.csv,train,pending
aug-114359,Which phone is better Redmi note 3 or Redmi 3s prime?,Which is a better Redmi 3s/Redmi 3S prime/Redmi Note 3?,0,paraphrase,synthetic_simple_paraphrase,enriched_dataset_full.csv,train,pending
aug-382046,Is the pillion seat comfortable for moms who sit one sided in a fazer?,Can a girl with traditional dress be able to sit comfortably on the pillion of a Honda Cbr 250?,0,paraphrase,synthetic_simple_paraphrase,enriched_dataset_full.csv,train,pending
aug-279845,What does it mean if I can't click on someone's profile on Facebook?,How can someone like your Facebook profile picture if they are not friends with you?,0,paraphrase,synthetic_simple_paraphrase,enriched_dataset_full.csv,train,pending
aug-255033,What was Mother Teresa's strategy to approaching people living in miserable conditions in the country?,Why is Mother Teresa's so called ugly side cropping up all of a sudden?,0,paraphrase,synthetic_simple_paraphrase,enriched_dataset_full.csv,train,pending
aug-245499,"What are some inspirational stories, books, novels, movies, which ever to get succeeded in life?",Most powerful hand gun?,0,paraphrase,synthetic_simple_paraphrase,enriched_dataset_full.csv,train,pending
144451,Is there any relationship between earth's natural magnetism and earth's gravity?,Is there a direct relationship with gravity and Earth's magnetic field?,1,related_but_not_duplicate,Duplicate label but weak lexical overlap (0.44).,ques_pairs.csv,train,pending
165237,"Can a family live comfortably making $250,000 a year in New York City?","Do you think a wealthy family living in New York City should give their children $4,000 a month?",0,partial_overlap,Moderate lexical overlap (0.29).,ques_pairs.csv,train,pending
54084,What might cause a stomach ulcer to rupture?,What causes stomach ulcers?,0,partial_overlap,Moderate lexical overlap (0.20).,ques_pairs.csv,train,pending
aug-85533,How can I get motivated toward studies?,How do I get myself to become motivated and just study all the time?,1,paraphrase,synthetic_simple_paraphrase,enriched_dataset_full.csv,train,pending
151656,What is banking software?,What are banking software products?,0,partial_overlap,Moderate lexical overlap (0.50).,ques_pairs.csv,train,pending
172940,Why do Muslims not eat pork?,Why do Muslims and Jews not eat pork?,0,related_but_not_duplicate,High lexical overlap (0.75) but not marked as duplicate.,ques_pairs.csv,train,pending
231120,How do I get a hold of my life?,How do I get a hold on my life?,1,paraphrase,High lexical overlap (0.80) with duplicate label.,ques_pairs.csv,train,pending
aug-191883,Why can't I stop lying once I've started?,Why can't I stop lying?,0,paraphrase,synthetic_simple_paraphrase,enriched_dataset_full.csv,train,pending
aug-324792,What will happen if a nuclear bomb is detonated in space?,What happens if a nuclear bomb is detonated in space?,1,paraphrase,synthetic_simple_paraphrase,enriched_dataset_full.csv,train,pending
217732,What is maturity in general?,What is maturity in real life?,1,related_but_not_duplicate,Duplicate label but weak lexical overlap (0.57).,ques_pairs.csv,train,pending
aug-46523,Why Quora has word limit for question and question descriptions?,Why is there a word limit for question details?,1,paraphrase,synthetic_simple_paraphrase,enriched_dataset_full.csv,train,pending
aug-180409,What will be the future of PeopleSoft?,How is PeopleSoft as a career option for a fresher?,0,paraphrase,synthetic_simple_paraphrase,enriched_dataset_full.csv,train,pending
167607,Can I charge my phone when my car is off?,How much time does it takes to charge the power bank 13000mAh for full charge?,0,unrelated,Low lexical overlap (0.05).,ques_pairs.csv,train,pending
aug-259702,What is the hoodie name?,What is my rank in JEE main if I score 80 marks in SC category nd 89℅ in AP state board?,0,paraphrase,synthetic_simple_paraphrase,enriched_dataset_full.csv,train,pending
aug-210277,What is the best meal for breakfast when you are trying to lose fat?,What is a breakfast for a girl to lose weight?,1,paraphrase,synthetic_simple_paraphrase,enriched_dataset_full.csv,train,pending
aug-283674,Is it illegal to masturbate in the Indian railways?,How can one create a form with pull downs for products that add up product prices as you fill it out?,0,paraphrase,synthetic_simple_paraphrase,enriched_dataset_full.csv,train,pending
aug-211987,Why does Kurama have a orange chakra mode?,What universities does Ormat Technologies recruit new grads from? What majors are they looking for?,0,paraphrase,synthetic_simple_paraphrase,enriched_dataset_full.csv,train,pending
aug-274169,Penises: Is Anthony Weiner unusually well endowed?,Who is tired of hearing about Anthony Weiner's weiner?,0,paraphrase,synthetic_simple_paraphrase,enriched_dataset_full.csv,train,pending
aug-208408,which is the best way to earn Google Play Redeem/Gift cards?,How do I redeem a gift card on Google Play?,0,paraphrase,synthetic_simple_paraphrase,enriched_dataset_full.csv,train,pending
aug-256678,How do police trace an IP address?,Can someone be located/traced through an IP address?,0,paraphrase,synthetic_simple_paraphrase,enriched_dataset_full.csv,train,pending
aug-313871,programming? involve engineering civil Does,Which programming languages can be useful for civil engineers?,0,paraphrase,synthetic_simple_paraphrase,enriched_dataset_full.csv,train,pending
192960,What's the most embarrassing moment of your life?,What is the most embarrassed you have ever felt in your life?,1,related_but_not_duplicate,Duplicate label but weak lexical overlap (0.31).,ques_pairs.csv,train,pending
aug-18573,What is the majority famous blog?,What are the most famous Python blogs?,0,paraphrase,synthetic_simple_paraphrase,enriched_dataset_full.csv,train,pending
aug-356410,Which is the best website to learn Python from the beginning to the advanced level?,What is the best way to learn Python from beginning to advanced?,1,paraphrase,synthetic_simple_paraphrase,enriched_dataset_full.csv,train,pending
52488,What is passive transport?,What is passive transport in cells?,0,related_but_not_duplicate,High lexical overlap (0.67) but not marked as duplicate.,ques_pairs.csv,train,pending
aug-16864,What are the good parts of being introvert?,What are the good things about an introvert?,1,paraphrase,synthetic_simple_paraphrase,enriched_dataset_full.csv,train,pending
aug-177867,which is the difference between python coding and scripting?,What is the difference between Python scripting and object-oriented Python sevelopment?,1,paraphrase,synthetic_simple_paraphrase,enriched_dataset_full.csv,train,pending
295397,Who summoned sage of six paths?,I think I might have generalized anxiety disorder. Who should I go talk to? A psychotherapist or a psychiatrist?,0,unrelated,Low lexical overlap (0.05).,ques_pairs.csv,train,pending
aug-392771,which is the best piece of advice you have ever given?,What's the worst piece of advice you've ever given someone?,0,paraphrase,synthetic_simple_paraphrase,enriched_dataset_full.csv,train,pending
aug-339618,which are gold leaf electroscopes and which are they used for?,What is a gold leaf electroscope?,0,paraphrase,synthetic_simple_paraphrase,enriched_dataset_full.csv,train,pending
aug-95010,How is the word 'ambiguity' used in a sentence?,How is the word 'mischievous' used in a sentence?,0,paraphrase,synthetic_simple_paraphrase,enriched_dataset_full.csv,train,pending
327405,Is Australia a colony? Why or why not?,Is Australia a colony?,1,related_but_not_duplicate,Duplicate label but weak lexical overlap (0.57).,ques_pairs.csv,train,pending
aug-205137,Volumetric efficiency of Pulsar 150?,Volumetric efficiency of Pulsar 150 bike?,1,paraphrase,synthetic_simple_paraphrase,enriched_dataset_full.csv,train,pending
aug-116089,Where from can I buy mirrors for reflector telescope living in Haryana?,How can I visit Lucknow from Gorakhpur besides of Trains and Airways?,0,paraphrase,synthetic_simple_paraphrase,enriched_dataset_full.csv,train,pending
51287,Will I get kmc Manipal with 460 marks in neet?,Will I get KMC Manipal with 460 in neet 2016?,0,related_but_not_duplicate,High lexical overlap (0.82) but not marked as duplicate.,ques_pairs.csv,train,pending
aug-373178,which do Indian grooms and brides do on the wedding night?,What do Indian brides and grooms do on their wedding night?,1,paraphrase,synthetic_simple_paraphrase,enriched_dataset_full.csv,train,pending
aug-3111,which has Scott Forstall contributed to Apple?,What is Scott Forstall like in person?,0,paraphrase,synthetic_simple_paraphrase,enriched_dataset_full.csv,train,pending
265473,"If 10,000 people are to find or kill you and you are to hide for 10 years without dying, where would you hide? If you lose you are tortured forever.","What would happen if I went 10,000 years into the future?",0,unrelated,Low lexical overlap (0.18).,ques_pairs.csv,train,pending
177573,What is the best reliable online source for pentobarbital?,Would a multi-billionaire man date an ordinary woman?,0,unrelated,Low lexical overlap (0.00).,ques_pairs.csv,train,pending
170269,Do girls like watching WWE?,Do women like watching porn?,0,partial_overlap,Moderate lexical overlap (0.43).,ques_pairs.csv,train,pending
190521,Why do some men wear earrings?,Why do men wear earrings?,1,paraphrase,High lexical overlap (0.83) with duplicate label.,ques_pairs.csv,train,pending
401971,How painful is death by hanging?,Is death by hanging painful?,1,paraphrase,High lexical overlap (0.83) with duplicate label.,ques_pairs.csv,train,pending
256678,How do police trace an IP address?,Can someone be located/traced through an IP address?,0,partial_overlap,Moderate lexical overlap (0.23).,ques_pairs.csv,train,pending
150114,What are the best books for gate for mechanical engineering?,What are the best books for preparing gate?,1,paraphrase,High lexical overlap (0.70) with duplicate label.,ques_pairs.csv,train,pending
aug-144987,What are some simplified Chinese characters that should not have been simplified?,How would you simplify Chinese characters?,0,paraphrase,synthetic_simple_paraphrase,enriched_dataset_full.csv,train,pending
aug-149473,in what way does the Ripple consensus process work?,How much volume is Ripple network processing each month?,0,paraphrase,synthetic_simple_paraphrase,enriched_dataset_full.csv,train,pending
33971,What are the reasons why cats bite and knead blankets?,Why do cats knead their owners?,1,related_but_not_duplicate,Duplicate label but weak lexical overlap (0.23).,ques_pairs.csv,train,pending
aug-354492,What is the difference between argument and debate?,"What's the difference between debate, discuss and argue?",0,paraphrase,synthetic_simple_paraphrase,enriched_dataset_full.csv,train,pending
aug-267504,"Any advice on tinnitus, I have constant humming in my head?",Derived quantity for the energy?,0,paraphrase,synthetic_simple_paraphrase,enriched_dataset_full.csv,train,pending
401459,How can we control bad feelings?,How can I control my emotions and actions?,1,related_but_not_duplicate,Duplicate label but weak lexical overlap (0.27).,ques_pairs.csv,train,pending
aug-188765,Where can I take a reference for A Level Music 9703 subject?,How can I capture/kill a rodent in a small tomato farm?,0,paraphrase,synthetic_simple_paraphrase,enriched_dataset_full.csv,train,pending
253286,Why don't people like belly buttons?,Why do people have sensitive belly buttons?,0,partial_overlap,Moderate lexical overlap (0.40).,ques_pairs.csv,train,pending
aug-389313,"Is it true that NOKIA is coming back with the ANDROID PHONES ""Nokia Edge, Nokia C1""?",Will Nokia stock go back up?,0,paraphrase,synthetic_simple_paraphrase,enriched_dataset_full.csv,train,pending
aug-89797,"in what way do you explain dimensions greater than 3, to a 5 year old?","If there were a new whole number added between 8 & 9, how would mathematics and physics laws and formulas change?",0,paraphrase,synthetic_simple_paraphrase,enriched_dataset_full.csv,train,pending
42544,Why do ADHD meds make me sleepy?,"Why does ""non-drowsy"" Zyrtec make you sleepy?",0,partial_overlap,Moderate lexical overlap (0.25).,ques_pairs.csv,train,pending
227794,What is a role of systems engineer in TCS?,What is the role of a systems reliabilty engineer at Nutanix?,0,partial_overlap,Moderate lexical overlap (0.54).,ques_pairs.csv,train,pending
107392,Sesimic imaging technology for oil and gas?,Has anyone gotten a job from Stanford's biotech certificate program? Where is your job and what do you do? What is your income?,0,unrelated,Low lexical overlap (0.04).,ques_pairs.csv,train,pending
aug-70250,which do you think about ancient Indian contributions to physics? Are the following true?,What do people think about Indian ancient science?,1,paraphrase,synthetic_simple_paraphrase,enriched_dataset_full.csv,train,pending
238166,What disadvantages does hard water have?,What are the disadvantages of hard water?,1,related_but_not_duplicate,Duplicate label but weak lexical overlap (0.44).,ques_pairs.csv,train,pending
aug-22138,Which is the most effective technique in off-page SEO?,What are the best techniques for On-page seo?,0,paraphrase,synthetic_simple_paraphrase,enriched_dataset_full.csv,train,pending
aug-281120,What should I do to become fat within a month?,How do I gain weight in a month?,0,paraphrase,synthetic_simple_paraphrase,enriched_dataset_full.csv,train,pending
aug-106330,"Does Robert Frost not like ""Friends""?",Is Robert Frost related to THE Robert Frost?,0,paraphrase,synthetic_simple_paraphrase,enriched_dataset_full.csv,train,pending
aug-160503,"I match with more than one person on tinder, only one shows up. I delete the one, the other one appears on my match list later. Why doesn't both show?","How do I come to terms with my friends matching to hundreds of beautiful girls on Tinder, while the only way I can get one is to pay a prostitute?",0,paraphrase,synthetic_simple_paraphrase,enriched_dataset_full.csv,train,pending
360562,Where is Robert Frost?,Who is Robert Frost?,0,related_but_not_duplicate,High lexical overlap (0.60) but not marked as duplicate.,ques_pairs.csv,train,pending
280909,"Is it true that if you go black, you never go back?","Once you go black, you never go back. Is that true?",1,paraphrase,High lexical overlap (0.73) with duplicate label.,ques_pairs.csv,train,pending
198958,How do I become a commercial pilot in India?,How do I become a pilot in India?,0,related_but_not_duplicate,High lexical overlap (0.89) but not marked as duplicate.,ques_pairs.csv,train,pending
aug-102055,which does it mean when someone says I am a Salesforce developer?,"I am a fresher, and I am working as a Salesforce developer. Is it good for a long term career?",0,paraphrase,synthetic_simple_paraphrase,enriched_dataset_full.csv,train,pending
aug-235102,The way we live now impacts what we will be in the future?,How do you appear for CFA exam while doing BTech?,0,paraphrase,synthetic_simple_paraphrase,enriched_dataset_full.csv,train,pending
179459,What TV show has the best theme song?,What TV show do you think has the best theme music?,1,related_but_not_duplicate,Duplicate label but weak lexical overlap (0.58).,ques_pairs.csv,train,pending
aug-53244,How do people earn money through YouTube in India?,How can I earn money through YouTube?,1,paraphrase,synthetic_simple_paraphrase,enriched_dataset_full.csv,train,pending
aug-295085,which was the worst experience you've ever had with your teacher?,What is the worst experience that you have had with a teacher/professor?,0,paraphrase,synthetic_simple_paraphrase,enriched_dataset_full.csv,train,pending
50370,Who are some bisexual/lesbian top models?,I have come out as bisexual but I think I might actually be a lesbian. How do I tell people?,0,unrelated,Low lexical overlap (0.09).,ques_pairs.csv,train,pending
aug-153165,Can you tell me some interesting facts in Mahabharata?,What are some lesser known and really interesting facts about the Mahabharata?,1,paraphrase,synthetic_simple_paraphrase,enriched_dataset_full.csv,train,pending
aug-181447,House of Cards Season 2: What is the significance of Frank and Claire's special encounter with Meechum at the end of Chapter 24?,How did House of Cards Season 2 compare to Season 1?,0,paraphrase,synthetic_simple_paraphrase,enriched_dataset_full.csv,train,pending
249860,What is scope of marketing?,What is the scope of marketing?,1,paraphrase,High lexical overlap (0.83) with duplicate label.,ques_pairs.csv,train,pending
aug-254555,Which is the best Java class in Lucknow?,Which are the best Java classes in Ahmedabad?,0,paraphrase,synthetic_simple_paraphrase,enriched_dataset_full.csv,train,pending
aug-284141,Are Nepalese student eligible to apply at PSU through GATE?,Are Nepalese students eligible for the GATE exams in India?,0,paraphrase,synthetic_simple_paraphrase,enriched_dataset_full.csv,train,pending
aug-152048,Why am I always stressed and depressed?,Why am I depressed again?,0,paraphrase,synthetic_simple_paraphrase,enriched_dataset_full.csv,train,pending
3756,Did Trump really rape a 13 year old girl?,Did Donald Trump really rape a 13 year old girl?,1,paraphrase,High lexical overlap (0.90) with duplicate label.,ques_pairs.csv,train,pending
aug-244278,"which were the major effects of the cambodia earthquake, and in what way do these effects compare to the Mexico earthquake in 1787?","What were the major effects of the cambodia earthquake, and how do these effects compare to the Iquique earthquake in 1877?",1,paraphrase,synthetic_simple_paraphrase,enriched_dataset_full.csv,train,pending
149067,"In your school years, what did you think of that super quiet girl?",Why are some very smart people so quiet?,0,unrelated,Low lexical overlap (0.05).,ques_pairs.csv,train,pending
aug-142748,which goes through the minds of people with their PhD? Are they always thinking about scholarly things?,What are the things going through their mind when people publicly display affection?,0,paraphrase,synthetic_simple_paraphrase,enriched_dataset_full.csv,train,pending
80149,How does a startup reach the Prime Minister Office of the Netherlands?,How does a startup reach the Prime Minister Office of Pakistan?,0,related_but_not_duplicate,High lexical overlap (0.83) but not marked as duplicate.,ques_pairs.csv,train,pending
aug-166008,Which programming language has features that are well-suited for recreating a board game (Settlers of Catan)?,Where can I report bug or missing feature in whatsapp?,0,paraphrase,synthetic_simple_paraphrase,enriched_dataset_full.csv,train,pending
aug-110996,Where can I buy trendy wholesale sunglasses?,Where can I buy sunglasses?,0,paraphrase,synthetic_simple_paraphrase,enriched_dataset_full.csv,train,pending
aug-202988,How can I improve my spoken English ability?,What should I do to improve my English ?,1,paraphrase,synthetic_simple_paraphrase,enriched_dataset_full.csv,train,pending
aug-223733,which is the weirdest thing you saw in your dreams?,What are some of the weirdest things you saw in a dream?,1,paraphrase,synthetic_simple_paraphrase,enriched_dataset_full.csv,train,pending
330219,Can you yawn while sleeping?,Is it possible to yawn while asleep?,1,related_but_not_duplicate,Duplicate label but weak lexical overlap (0.20).,ques_pairs.csv,train,pending
38611,How were both Ezio and Aquilar in possesion of an Apple of Eden at the same time?,"Which game do you enjoy more, Skyrim or Assassin's Creed?",0,unrelated,Low lexical overlap (0.00).,ques_pairs.csv,train,pending
251006,What was the cringiest code you have ever seen?,What is the most absurd code you've ever seen?,1,related_but_not_duplicate,Duplicate label but weak lexical overlap (0.46).,ques_pairs.csv,train,pending
aug-343575,"He says he doesn't know what the future holds but right now he doesn't want to be with me , which does he mean?","My boyfriend and I dated for a year, and now he says he doesn't want to be in a relationship in general. He wants time for himself, does he mean it?",0,paraphrase,synthetic_simple_paraphrase,enriched_dataset_full.csv,train,pending
382969,Which is the best ethical hacking institute in India?,Which is the best institute in India for doing a hands on course in ethical hacking?,1,paraphrase,High lexical overlap (0.60) with duplicate label.,ques_pairs.csv,train,pending
330352,What are employable skills?,What is employability skills?,1,related_but_not_duplicate,Duplicate label but weak lexical overlap (0.33).,ques_pairs.csv,train,pending
181591,What are the best TOEFL coaching institutes in Banglore?,"What if the USA with the help of its allies Japan, S. Korea, Australia, Vietnam, Singapore and India try to gangrape China?",0,unrelated,Low lexical overlap (0.07).,ques_pairs.csv,train,pending
aug-47398,Where are the sex joints in Mumbai?,Which are the famous places for a foodie to visit food joints in mumbai with name and address?,0,paraphrase,synthetic_simple_paraphrase,enriched_dataset_full.csv,train,pending
aug-44780,What's product management at Uber like?,What's it like to be a product manager at Uber?,0,paraphrase,synthetic_simple_paraphrase,enriched_dataset_full.csv,train,pending
aug-52558,What can be done to stop hair loss.?,How do I stop male hair loss?,1,paraphrase,synthetic_simple_paraphrase,enriched_dataset_full.csv,train,pending
287867,Is there any count in Quora that an user can ask these many questions only?,How many questions may I ask on Quora?,1,related_but_not_duplicate,Duplicate label but weak lexical overlap (0.21).,ques_pairs.csv,train,pending
aug-40020,Who is Shiva?,Who is Lord Shiva?,1,paraphrase,synthetic_simple_paraphrase,enriched_dataset_full.csv,train,pending
aug-88443,in what way can I describe myself?,How would I Describe myself in 3 words.?,0,paraphrase,synthetic_simple_paraphrase,enriched_dataset_full.csv,train,pending
392160,What we learn in computer science engineering?,What is computer science?,0,partial_overlap,Moderate lexical overlap (0.38).,ques_pairs.csv,train,pending
aug-79729,which is the best travel hacks? Please comment.,What is the best travel hacks?,1,paraphrase,synthetic_simple_paraphrase,enriched_dataset_full.csv,train,pending
aug-79619,What is the function of a computer hard drive?,What is a hard disk drive?,1,paraphrase,synthetic_simple_paraphrase,enriched_dataset_full.csv,train,pending
289618,How ITM University Gwalior came 58th rank in engineering as mentioned in NIRF 2016?,"Is it stupid for USNews to rank China's Tsinghua University as the second best engineering university in the world, only after MIT?",0,unrelated,Low lexical overlap (0.17).,ques_pairs.csv,train,pending
aug-139130,which do i do with my naturally curly hair?,How do you cut curly hair?,0,paraphrase,synthetic_simple_paraphrase,enriched_dataset_full.csv,train,pending
aug-279406,which Indian university professors and faculty members are users on Quora?,How do I gain a job as a professor in Indian universities?,0,paraphrase,synthetic_simple_paraphrase,enriched_dataset_full.csv,train,pending
aug-316370,"What is a religion and spirituality service recommendation in Woodside, NY?",What are soul vultures? Is it related to religion conversion or is it another spiritual procedure?,0,paraphrase,synthetic_simple_paraphrase,enriched_dataset_full.csv,train,pending
aug-384895,Can I become a technical co-founder?,How can I become a technical co-founder for a startup?,1,paraphrase,synthetic_simple_paraphrase,enriched_dataset_full.csv,train,pending
aug-51027,Sedimentology: How do lake depositional environments show up on the sedimentary layer of a sedimentary rock?,Sedimentology: How do lagoonal depositional environments show up on the sedimentary layer of a sedimentary rock?,0,paraphrase,synthetic_simple_paraphrase,enriched_dataset_full.csv,train,pending
aug-287280,which are the best stocks to invest in 2017 and why?,Which stocks should I invest in 2017?,1,paraphrase,synthetic_simple_paraphrase,enriched_dataset_full.csv,train,pending
323447,"Which should I learn first, Python or Java?",Shall I learn Python or Java for a first language?,1,related_but_not_duplicate,Duplicate label but weak lexical overlap (0.50).,ques_pairs.csv,train,pending
aug-237024,What are the professional pros and cons on INFP?,"Can you explain, in a simple way, the difference between INFJ and INFP?",0,paraphrase,synthetic_simple_paraphrase,enriched_dataset_full.csv,train,pending
aug-254030,"I had a short period, not bright but more of a ruby red, a week later I have dark brown bleeding and mild cramps. Could this be implantation?","Condom broke this Monday (28) but I used plan B 20 min later, now I have bright red bleeding, am I pregnant?",0,paraphrase,synthetic_simple_paraphrase,enriched_dataset_full.csv,train,pending
aug-41103,Is there any question never asked on Quora yet?,Is there any great question that hasn't been asked on Quora?,1,paraphrase,synthetic_simple_paraphrase,enriched_dataset_full.csv,train,pending
146386,"For a pawn shop, what does ""Anything of Value"" mean? Most importantly, what are its limitations?","Besides enabling thieves to sell the fruits of their looting, what good do pawn shops and places that buy gold and the like serve modern society?",0,unrelated,Low lexical overlap (0.08).,ques_pairs.csv,train,pending
338202,What are some of the must-read copyright-free works of literature in Malayalam?,What are some of the must-read copyright-free works of literature in Tamil?,0,related_but_not_duplicate,High lexical overlap (0.86) but not marked as duplicate.,ques_pairs.csv,train,pending
299180,What is the corporate culture like at BE Aerospace? How is the culture different than other companies?,What is the corporate culture like at Etsy? How is the culture different than other companies?,0,related_but_not_duplicate,High lexical overlap (0.80) but not marked as duplicate.,ques_pairs.csv,train,pending
15184,"What's meaning of ""disaster""?",What's the meaning of disaster country?,0,related_but_not_duplicate,High lexical overlap (0.71) but not marked as duplicate.,ques_pairs.csv,train,pending
aug-253446,Can eating boiled egg or omelette cause bird flu?,"Can flu cause depression, and if so, how?",0,paraphrase,synthetic_simple_paraphrase,enriched_dataset_full.csv,train,pending
287351,Do I need to provide an English language certificate for tier 2 general dependent visa?,Do I need to complete A1 in the German language to get into a university for higher studies in Germany (even though the course is in English) or to get an educational visa?,0,partial_overlap,Moderate lexical overlap (0.27).,ques_pairs.csv,train,pending
302296,What are the best Netflix and Chill horror movies?,What are the best horror movies on Netflix?,1,paraphrase,High lexical overlap (0.70) with duplicate label.,ques_pairs.csv,train,pending
324382,Which is the Best book for advance JAVA?,"Java (programming language): What are some recommended books, and online resources for learning Java for beginner, intermediate, and advanced programmers?",0,unrelated,Low lexical overlap (0.09).,ques_pairs.csv,train,pending
101505,What is git and why should I use it?,What is GitHub and how we can use that for projects?,1,related_but_not_duplicate,Duplicate label but weak lexical overlap (0.25).,ques_pairs.csv,train,pending
aug-5159,What do Indians wish Indian politicians knew?,What do Indian Politicians lack the most?,1,paraphrase,synthetic_simple_paraphrase,enriched_dataset_full.csv,train,pending
181624,How do I make the best of Quora?,How do I get started using Quora?,0,partial_overlap,Moderate lexical overlap (0.36).,ques_pairs.csv,train,pending
aug-176151,What are the best ways to earn money from home?,What are some easy ways to make done extra money online?,1,paraphrase,synthetic_simple_paraphrase,enriched_dataset_full.csv,train,pending
152446,What is React Js and what are it's advantages?,How is the mtech course in nielit aurangabad?,0,unrelated,Low lexical overlap (0.06).,ques_pairs.csv,train,pending
aug-305728,"How do I calculate steel quantity for slab, footing, column? (assume the size yourself)",How do I estimate the quantity of rebar in slab?,0,paraphrase,synthetic_simple_paraphrase,enriched_dataset_full.csv,train,pending
aug-370853,Can you share some examples of pseudo feminism?,What is pseudo feminism?,1,paraphrase,synthetic_simple_paraphrase,enriched_dataset_full.csv,train,pending
286988,What are the pros and cons of Yuan devaluation for India?,How will the devaluation of the yuan affect India?,1,related_but_not_duplicate,Duplicate label but weak lexical overlap (0.36).,ques_pairs.csv,train,pending
aug-183598,"May I please know where can I get data for annual rainfall, humidity, temperature, wind speed, dew point, visibility, precipitation for India?",What happens after I train and than cool down and train again after one hour?,0,paraphrase,synthetic_simple_paraphrase,enriched_dataset_full.csv,train,pending
126541,What's a good moveset for Lycanroc in Pokemon Sun and Moon?,Where can I get leftovers in Pokémon sun/moon?,0,unrelated,Low lexical overlap (0.17).,ques_pairs.csv,train,pending
aug-234569,which is the torque?,What is gyroscopic torque?,0,paraphrase,synthetic_simple_paraphrase,enriched_dataset_full.csv,train,pending
72662,FIFA 17 coins Generator Online is generating coins for FIFA 17 but only once. How can I bypass the restriction to generate coins multiple times for free?,Is there really a FIFA key Generator which allows us to play the game online?,0,unrelated,Low lexical overlap (0.19).,ques_pairs.csv,train,pending
aug-36511,What are some mind-blowing technologies tools that exist that most people don't know about?,What are some mind-blowing tech tools that most people don't know about?,1,paraphrase,synthetic_simple_paraphrase,enriched_dataset_full.csv,train,pending
aug-75380,"I am a very intelligent and ambitious high school student. I completely lack any organization, time management, or self discipline. which should I do?",How should a 16-year-old high school student invest time?,0,paraphrase,synthetic_simple_paraphrase,enriched_dataset_full.csv,train,pending
281151,Is there an app that can send automated WhatsApp messages?,How do I create an app like WhatsApp?,0,partial_overlap,Moderate lexical overlap (0.20).,ques_pairs.csv,train,pending
304502,Why is it that every time I ask a question in Quora it tells me that your question needs improvement?,My questions on Quora all need improving. How do you ask a question on Quora?,1,related_but_not_duplicate,Duplicate label but weak lexical overlap (0.15).,ques_pairs.csv,train,pending
81149,"How do you define a ""bad"" boss?",How would you tackle bad a** boss?,0,partial_overlap,Moderate lexical overlap (0.56).,ques_pairs.csv,train,pending
aug-393109,What is a day in the life of a porn star like?,Who are famous MILF porn stars?,0,paraphrase,synthetic_simple_paraphrase,enriched_dataset_full.csv,train,pending
aug-350570,which are some things new employees should know going into their first day at South Jersey?,What are some things new employees should know going into their first day at NVIDIA?,0,paraphrase,synthetic_simple_paraphrase,enriched_dataset_full.csv,train,pending
aug-231670,Can you detox your body of sodium lauryl sulfate?,What is sodium lauryl sulfate?,0,paraphrase,synthetic_simple_paraphrase,enriched_dataset_full.csv,train,pending
aug-398036,Anyone running any FRANCHISED pre-school or having experience in that pre-school industry? Please inbox me \ comment here..,Is anyone there with less experience and planning to join B-school here in US? And are there any GA state MBA students here in Quora?,0,paraphrase,synthetic_simple_paraphrase,enriched_dataset_full.csv,train,pending
380269,What's your favorite James Bond movie?,What is your favorite James Bond movie and why?,1,paraphrase,High lexical overlap (0.60) with duplicate label.,ques_pairs.csv,train,pending
aug-342561,which are some things new employees should know going into their first day at Xoma?,What are some things new employees should know going into their first day at AT&T?,0,paraphrase,synthetic_simple_paraphrase,enriched_dataset_full.csv,train,pending
aug-199877,"What are some most depressing movies, yet fairly rated?",What are the most depressing movies of all time?,1,paraphrase,synthetic_simple_paraphrase,enriched_dataset_full.csv,train,pending
aug-67106,"Could the human race, as we are now, survive another ice age?",Would the human race survive another Ice Age?,1,paraphrase,synthetic_simple_paraphrase,enriched_dataset_full.csv,train,pending
243641,How do I loose ten pounds in two to three weeks?,What are the best ways to lose weight?,0,unrelated,Low lexical overlap (0.06).,ques_pairs.csv,train,pending
157693,What hairstyles did Vikings have?,How did men's hairstyles become so uniform?,0,unrelated,Low lexical overlap (0.18).,ques_pairs.csv,train,pending
182462,Can I take a real estate agent /broker license when I am currently employed with a firm?,Can I take a real estate agent /broker license in UAE when I am currently employed with a firm?,0,related_but_not_duplicate,High lexical overlap (0.88) but not marked as duplicate.,ques_pairs.csv,train,pending
aug-110314,Is there a single case of a successful long distance relationship?,How do we can remain satisfied in a long distance relationship?,1,paraphrase,synthetic_simple_paraphrase,enriched_dataset_full.csv,train,pending
258950,What's the best way to tell my crush I like him?,Should I tell my crush I like him?,0,partial_overlap,Moderate lexical overlap (0.46).,ques_pairs.csv,train,pending
48902,What is the meaning of Urdu compound word “jazba-e-junoon”?,What is the meaning of Urdu compound word “josh-e-junoon”?,0,related_but_not_duplicate,High lexical overlap (0.83) but not marked as duplicate.,ques_pairs.csv,train,pending
aug-274521,in what way do you treat someone with a stab wound in the abdomen if there isn't a hospital?,How do I treat a gun wound?,0,paraphrase,synthetic_simple_paraphrase,enriched_dataset_full.csv,train,pending
84058,What is the full procedure of court marriage?,I want to marry my girlfriend. We are of different religions. Therefore can you list the step by step procedure for court marriage in India?,0,unrelated,Low lexical overlap (0.19).,ques_pairs.csv,train,pending
aug-389265,Human Physiology: What concentration of salt water will induce vomiting?,Human Physiology: Why do your teeth chatter when you are cold?,0,paraphrase,synthetic_simple_paraphrase,enriched_dataset_full.csv,train,pending
279694,Iron Man vs. Superman -- who would win?,What would happen and who would win if there was: Batman and Superman Vs. Captain America and Iron Man?,0,partial_overlap,Moderate lexical overlap (0.44).,ques_pairs.csv,train,pending
378894,Why each news channel show advertisement at same time?,Why do all Hindi news channel show ads at the same time?,1,related_but_not_duplicate,Duplicate label but weak lexical overlap (0.50).,ques_pairs.csv,train,pending
85905,What is a neutron?,What is neutron?,1,paraphrase,High lexical overlap (0.75) with duplicate label.,ques_pairs.csv,train,pending
aug-328517,Is Google Glass water resistant and/or waterproof?,Where can I use frosted glass in my house?,0,paraphrase,synthetic_simple_paraphrase,enriched_dataset_full.csv,train,pending
171588,Do snakes really drink milk?,Why don't snakes drink milk?,0,partial_overlap,Moderate lexical overlap (0.38).,ques_pairs.csv,train,pending
293114,What are the advantages of using an Ethernet cable over Wi Fi?,What are the downsides of using an Ethernet cable over Wi Fi?,0,related_but_not_duplicate,High lexical overlap (0.85) but not marked as duplicate.,ques_pairs.csv,train,pending
66493,"I love her and she loves me, but she doesn't want relationship because she believes she would destroy me. She says she can't repeat the same mistake as in a past relationship. She says she can't leave me at the same time she tells me she would miss me and will be in pain if I leave her. What should I do?","I'm a Muslim girl who made a mistake of dating. Now I'm feeling guilty and want to break it off, but I know the guy would be really hurt as I'm also his one and only best friend. What should I do?",0,partial_overlap,Moderate lexical overlap (0.21).,ques_pairs.csv,train,pending
